,preds_1,truths_1,preds_2,truths_2,preds_3,truths_3,preds_4,truths_4,preds_5,truths_5
0,0.9423922747611637,0.9421,0.9703631832077823,1.0015,0.8583073584272405,0.8315,0.897405166132843,0.8425,0.8653150911429353,0.8474
1,1.0033911513346254,1.0133,0.9512121144839756,0.9297,0.8879088822013331,0.9335,0.9509076946542472,0.9703,0.9189216101356185,0.8286
2,0.9054808898531443,0.9379,0.8818477253112053,0.8543,0.9028419505433171,0.8497,0.8912289885563452,0.8582,0.9887143300828195,1.0191
3,0.9846827039121051,0.9671,0.9620409018260418,1.0098,0.9326667220474815,0.9408,0.8845103494778138,0.9319,0.9558869620462642,0.9695
4,0.9367071700643301,0.9283,0.982343405973934,0.9948,0.9612758463803708,0.9901,0.8832616159204404,0.9146,0.8891171193120725,0.8821
5,0.9735218077493161,0.9601,0.9322855211707181,0.9183,1.0116744862218923,1.0054,0.9602836341078603,0.9604,0.9596474469982357,0.9574
6,0.969254132409703,1.0317,0.9999622401408733,1.0333,0.9810711562003193,0.939,0.9797549659265963,0.9144,0.9627063966546447,0.9641
7,0.9144654537685878,0.9489,0.9501744994632879,0.9466,0.9733370254894237,0.9531,0.9929290671944,0.9739,0.988617831715081,0.9753
8,0.99174632470573,1.0092,0.8753943548636385,0.9107,0.9968575989811194,1.0126,0.8569100478991329,0.8695,1.0016735276498554,0.9901
9,0.9912793424418134,0.9885,0.9547615852323168,0.9678,0.9672905999903364,0.9904,0.8658060842886877,0.8556,0.9272288694398233,0.9386
10,0.9295701079752503,0.9246,1.0044672194038529,0.9702,0.98054491602342,0.9827,0.8975664342439609,0.9268,0.9746587267531831,0.9729
11,0.9813274643870533,0.9878,0.9926390705159962,1.012,0.967018267283263,0.9597,0.974212757391628,0.976,0.8428877325021991,0.8328
12,0.9627508237758562,0.9421,0.963088371995583,0.9389,0.9523650327109697,0.9659,0.9648407418470498,0.9236,0.9384715124966175,0.9357
13,0.9645079558078361,0.9589,0.902372696865113,0.958,0.9730686437868764,0.9451,0.8590666307737391,0.8434,0.9466819894746988,0.9674
14,0.9190560494683455,0.8952,0.8568442587723955,0.842,0.8477724312638091,0.8523,0.9668416150024081,0.9785,0.9803805074075772,0.9945
15,0.9893604449341605,1.022,0.8947620914638673,0.893,0.9962899041060823,1.0105,0.9696866271167107,0.9555,1.0125990054193557,1.0273
16,0.9403212470525995,0.955,0.9899782927314014,0.9632,0.8680915284239921,0.8524,0.9747568054833436,1.013,0.9505599916495309,0.964
17,0.9823423550762348,0.9915,0.8829087751500692,0.8697,0.9390238344093504,0.9874,0.9749859766201044,0.9905,0.9010491104269995,0.9113
18,0.9713875664488457,0.9815,0.9635645378659112,0.9715,0.9789045749902575,0.9857,0.9007137614001983,0.9105,0.9181015007693061,0.9169
19,0.8901006777119512,0.8355,0.8849960105783813,0.8734,0.910923457513316,0.9823,0.8513386602420334,0.8516,0.8877813378926421,0.8988
20,0.9586713028814052,0.9273,0.9513794408594927,0.9432,0.935973585586387,0.8902,0.9722230553116366,0.9717,0.9644060507373048,0.959
21,0.9603792260041298,1.0056,0.9842649814664595,0.961,0.9030012702976553,0.9351,0.9908780110594895,0.9984,0.9594385901233371,0.9386
22,0.8997296437818421,0.9159,0.8914904192441817,0.977,0.9783873920227393,0.9491,0.8418307638498523,0.8563,0.8817016174974885,0.8932
23,0.9814113179293836,0.9784,0.8793100820077052,0.8934,0.9823427229582405,0.9836,0.9584607898882754,0.9553,0.876480396381572,0.8826
24,0.9999567852760352,0.9988,1.0029711282980887,1.0186,0.963641029682191,0.9477,0.9490180238984732,0.9386,0.9826513621142305,0.9823
25,0.9172622477300165,0.9391,0.8501620042623199,0.9106,0.9884518448170041,0.9862,0.9576474622350687,0.9728,0.8696258950432255,0.8648
26,0.9729508530764235,0.9677,0.9662927644223395,0.9599,1.0063093030107755,1.0071,0.9493720137750025,0.9461,0.9869445364446213,1.0072
27,0.866494074936427,0.8807,0.8838701391500314,0.8513,0.9748232976561679,0.9651,0.9165375189282546,0.8821,0.933063272834401,0.9101
28,0.8832075827449594,0.8869,0.9047387422119164,0.8872,0.9882290067137812,1.0054,0.9193693443707246,0.9191,0.983341697264047,0.9733
29,0.9612454925856116,0.959,0.96804248244944,0.9528,0.9818000654653088,1.0017,0.9748308784395322,0.9874,0.9653481326965142,0.9265
30,0.9447222828659274,0.9494,0.9432884736363412,0.947,0.9487931604741177,0.9499,0.9422000317872649,0.9428,0.9822442476444736,0.982
31,0.962968087330853,0.9865,0.9288265232563653,0.9546,0.992702360386621,1.0095,0.9604057456149862,0.9859,0.9107884391959011,0.8464
32,0.8707602384613371,0.8793,0.9692986612174941,0.9486,0.8732650494649025,0.8587,0.9838431567743653,1.0059,0.8844984608101746,0.8932
33,0.9878785640177534,0.9951,0.9371084233421262,1.0354,0.9755056876682743,0.9544,1.0009582001573794,1.0136,0.9443766010664878,0.9346
34,0.8661930130492026,0.839,0.9412231592510028,0.9375,0.9927871051364434,0.9947,0.8484637919161434,0.8393,0.9993157521763166,1.0029
35,0.8570867131455997,0.869,0.902787252809706,0.8364,0.8596095205388435,0.8548,0.9105885316429766,0.9362,0.8520898083294012,0.8409
36,0.9571368710743302,0.9492,0.9308776266802942,0.9403,0.9749943974142892,0.9594,1.0349229411329033,1.029,0.835264302569977,0.8422
37,0.9557911965197246,0.9284,0.9759331149039191,1.016,0.9435218154275897,0.9358,0.9415428188457889,0.9397,0.9623981956623902,0.9624
38,0.9898596949287489,0.9971,0.9391533591439324,0.9299,0.9778701454302425,0.9621,0.8836192261386125,0.8802,0.9348137386040052,0.8924
39,0.964201717889157,0.8126,0.9002893563202469,0.9178,0.9467374993541513,0.9862,0.9501943030336433,0.9458,0.9837293186660119,0.9877
40,0.9311906667611173,0.9225,0.9988517693455281,0.985,0.9755009210587369,0.966,0.9817208015783098,0.9752,0.975992762259327,0.9827
41,0.9779603060744497,0.971,0.9793074742989586,0.9872,0.9764444407862585,0.9622,0.8659935015166359,0.8572,1.0001451272728659,1.011
42,0.9644387287581375,0.9516,1.0030473880042299,1.004,0.9571795133135024,0.9323,0.9780260870443381,0.9841,0.9636959142857241,0.953
43,0.9578644521112515,0.9768,0.9253249841462134,0.9267,0.9786913198915417,0.9904,0.8876353664584438,0.8298,0.9233152098400678,0.9093
44,0.8877613848463687,0.9237,0.9880083550903094,0.9944,0.9392773855485891,0.9906,0.9200989049383919,0.919,0.9066754813073831,0.9155
45,0.9552711211689404,0.9592,0.9619114638204205,0.9651,0.9159002972189102,0.9061,0.9880349292292558,0.9959,0.9787017573510488,0.9804
46,0.9641271778408775,0.946,0.958039770300235,0.9603,0.9218713696187677,0.8685,0.8832548275804717,0.895,0.9264031031511485,0.9396
47,0.9511840487672482,0.9586,0.867987879553123,0.8338,0.9090482085227976,0.8774,0.8937510796163767,0.8648,0.8559990571395367,0.9405
48,0.88058654713365,0.8824,0.9878266216261989,0.9989,0.96597634017457,0.9934,0.9364432163982246,0.9732,0.9228044032203913,0.881
49,0.941769004373104,0.9417,1.011843307097168,1.0112,1.0232971533390358,1.0262,0.970717875264887,0.9845,0.9719690832687725,0.9713
50,0.9389616246456324,0.958,0.9956048521015533,0.9964,0.9343974227640406,0.9723,0.8988749624401204,0.8577,0.9755538104390734,0.9672
51,0.9680517352378871,0.9639,0.8603189111020264,0.8592,0.9420459226325931,0.9339,0.9547670075138935,0.974,0.8634360919938194,0.8688
52,0.9362012209402971,0.9214,0.9789055216346487,0.9614,0.914969894738936,0.8499,0.8716991782760017,0.8903,1.0070775361131288,1.0155
53,0.9402250865340286,0.9753,0.9631224821519488,0.9717,0.9401516060446921,0.9367,0.9967585418843726,0.9904,0.9685933870177689,0.97
54,0.9163365570738582,0.9228,0.9529880949711934,1.086,0.9639722271147113,0.9666,0.9150623466725596,0.9039,0.951864039350606,0.9587
55,0.9753316556747128,0.9921,0.8675220071731234,0.8766,0.9360263011029046,0.9437,0.9647992037404924,0.9612,0.9141944684670311,0.9224
56,0.9511663991840408,0.9476,0.9159660495990775,0.9251,0.8639488074229718,0.8432,0.8570049449846202,0.8436,0.9687321980685254,0.98
57,0.9108039368937215,0.9148,0.9722164127781254,0.9774,0.9826095579459543,0.9882,0.9184166177554824,0.9214,0.8824140026035558,0.8511
58,0.8861947517035482,0.9063,0.907686777659471,0.9044,0.893381664910702,0.9053,1.0049863808438946,1.0,0.949210606581253,0.9696
59,0.9473424689452008,0.9607,0.9479125581555603,0.9897,0.8769636964905919,0.8401,0.9342291998614547,0.9582,0.914538199289111,0.9552
60,0.941059674975307,1.0074,0.8689843459763427,0.895,0.9702513915164768,0.996,0.9594538188228274,0.9728,0.8940940890120058,0.8732
61,0.975997308049223,0.9677,0.9531373728324277,0.8333,0.972806272463516,0.9525,0.9736960824189597,0.9728,0.9851440597110532,0.9853
62,0.9823013157687271,0.9757,0.9679642432021796,0.9772,0.9892609564218108,0.9537,0.9201718582625343,0.949,0.8601249660257976,0.8456
63,0.8617442317894082,0.8452,0.9805938271544438,0.995,0.9841454969799875,1.0117,0.9235210827002522,0.8982,1.020056528191124,1.0247
64,0.9526286543608661,0.9558,0.8900335873442549,0.839,0.9768305429628213,0.9739,0.9459254380691717,0.9505,0.9792254158855535,0.9521
65,0.9852044861162051,0.9877,0.950632480662063,0.9297,0.8774209772457295,0.9319,1.0057704166075891,1.0124,0.9542760939366703,0.9735
66,0.8857002933199971,0.9225,0.8396600495576491,0.8263,0.8907726550197677,0.9142,0.9724783165292991,0.9303,0.9865552187734794,1.0101
67,0.9924837322693058,1.0118,0.9465444540914411,0.9524,0.9424077328413112,0.9484,0.9261608118700958,0.9596,0.9330492668467968,0.9722
68,0.9302807562496831,0.8936,0.9008882991030027,0.9319,0.9378048505365673,0.9386,0.9441370241050517,0.9408,0.9518285563793332,0.9109
69,0.9809546210046068,0.9413,0.8869495882998336,0.8425,0.9395744976186632,0.9563,0.9819423768092407,0.9906,0.9358729928439455,0.9271
70,0.8849479325115848,0.8402,1.0215170480163982,1.0304,0.9398803547074918,0.9472,0.8491509067958414,0.8622,0.9246972017710559,0.9262
71,0.9831145679145867,0.9819,0.9893916314733429,0.9827,0.9575118216032406,0.9931,0.8615588024629113,0.972,0.9821041011091484,1.0121
72,0.9603688762946948,1.0358,0.8972728107006939,0.8477,0.9744604062643105,0.9704,0.9562610326851955,0.9462,0.9924704804105491,0.9964
73,0.8665079162114095,0.8562,0.9764437531304798,0.9804,0.8923438022677536,0.8202,0.892302569473471,0.91,0.9555611358750115,0.9862
74,0.9729644970513622,1.0065,0.9965147319554298,1.0443,1.0001381995379472,1.009,0.9476972187249126,0.9169,0.9803473951568903,0.9733
75,0.9208186395155379,0.9612,0.9253228471620089,0.9145,0.8438468011860905,0.8359,0.8859037573977935,0.8259,0.9818914939614439,0.997
76,0.9339949860181823,0.9331,0.9850245494412507,1.0046,0.9802720955644343,0.9354,0.9881958115191507,0.9629,0.9773215659292261,0.9836
77,0.8516659044457209,0.8552,0.8371433923442618,0.8566,0.9512341497993123,0.9642,0.9524910947431706,0.9747,0.855247690024445,0.842
78,0.9338831300902776,0.909,1.0001685712295214,0.9847,1.0200442408759567,1.0172,0.9986812755127796,1.0112,0.9458394846554032,0.9299
79,0.9789018137429214,1.0416,0.9190585849249882,0.9775,0.9737472547550078,0.9592,0.8705002005552647,0.8731,0.9751312349427892,0.967
80,0.9882904839779805,0.9707,0.8446606855164916,0.8295,0.9390318374895354,0.8916,0.9615399824310019,0.9741,0.9640750710911183,0.9756
81,0.9368867549119314,0.9361,0.9596751475961653,0.9688,0.9783223803218223,0.9951,0.8523683627391753,0.8492,0.977243763350161,0.961
82,0.8988076036311523,0.8408,0.9848323908312933,0.9933,0.9801560557957185,0.964,0.9598221238524508,0.9595,0.8540032408008486,0.9336
83,0.9521736862561959,0.9695,0.8723906393112304,0.8431,0.9906276479875925,0.98,0.9905593498190544,0.9858,1.0033137689211762,1.0195
84,0.9866809447937482,0.9827,0.9891901609116133,0.9655,0.9006877484117559,0.9208,1.0177106061572108,1.0226,0.9878760076009231,0.9732
85,0.8886204380869178,0.8628,0.9429247051536453,0.946,0.8874344184372065,0.9249,0.8985110622388908,0.9025,0.8686379396544146,0.8601
86,0.9351786178241109,0.937,0.8691243050025214,0.966,1.0061265245515485,1.0004,0.9426398750890791,0.9678,0.9515544081914226,0.972
87,0.9663148683734977,0.9706,0.9941125999053207,0.9937,0.9522834003517395,0.9489,0.9792912921757224,0.9991,1.003204487988839,1.0215
88,0.8624294186259696,0.8586,0.8940887930172251,0.9139,0.9959302776863902,1.0078,0.8611053371662709,0.8409,0.9964611503385505,1.0001
89,0.9529427213574229,0.8904,0.8807682346770102,0.8799,0.990135653883654,0.8496,0.9772327476347924,0.9663,0.9332934985032943,0.9179
90,0.8780642222544882,0.8594,0.917792560454183,0.8886,0.9265092788831727,0.9321,0.927409184495492,0.8969,0.9099215290106265,0.9146
91,0.9973451526157964,0.9883,0.9756164815217099,0.9889,0.9805314231970972,0.9564,0.9473829387144638,0.9915,0.9425299959719846,0.9517
92,0.9161232753386853,0.9572,0.8713749571280914,0.8497,0.9465691209520382,0.9273,0.9157285090416477,0.887,0.9663570111859677,0.9629
93,0.944594598136572,0.9692,0.8725208861444286,0.8712,0.9825815784809845,0.9958,0.9234633333134025,0.9623,0.9538036509915502,0.9438
94,0.9723476026646519,0.974,0.9282848687162943,0.9409,0.8591724735870937,0.8592,0.9786255434904652,0.9794,0.9808293003968099,0.9761
95,0.9118005401817145,0.8981,0.918456140237744,0.9406,0.9310877840869771,0.9127,0.9360127590340317,0.9403,0.9567324013663377,0.95
96,0.854935070527925,0.8603,1.0044447290168648,1.0103,0.9505397624892332,0.9616,0.9403800042774688,0.9317,0.9830987363744575,0.9708
97,0.9966416152312406,1.0103,0.9035517859142513,0.9145,0.9642142399186072,0.9575,0.9100458625475767,0.9173,0.9858717692322895,0.9771
98,0.8523388087037811,0.8461,0.849270412180826,0.8783,0.9916456154451881,0.9825,1.0094200640826891,1.0148,0.9827203773890097,0.9738
99,0.9054822858665695,0.8809,0.8821250904965591,0.964,0.9678733080559844,0.9763,0.9561921636703105,0.9681,0.8410491114842595,0.8286
100,0.8875870778637945,0.8852,0.8505009398667988,0.8824,0.9390674682658045,0.9558,0.9197544258631427,0.9387,0.8881983379105742,0.911
101,0.9404205011126419,0.9651,0.8913447817854013,0.8999,0.9750106536154513,0.9873,1.0253207530585668,1.0424,0.9812999097944793,0.984
102,0.9134547930562466,0.8463,0.8659620718899985,0.92,0.9672888980599849,0.9518,0.9723316318333103,0.9936,0.8632353561005072,0.8731
103,0.9504500052271355,0.9504,0.9236984871091155,0.901,0.9095724282408999,0.9383,0.845020015617876,0.8449,0.980737803433983,0.9729
104,0.9590456320356864,0.9678,0.991447448340314,1.0156,1.0349735500571087,1.0528,0.9479813287749689,0.8965,0.8525987888659595,0.8524
105,0.9146329259723917,0.912,0.9749593413012596,0.9593,0.989313963716045,0.9933,1.0140501802764414,1.0105,0.9949777855271671,0.9874
106,0.9255688652890343,0.9865,0.9873540382296718,0.9721,0.9210871320157773,0.9353,0.9293070449589573,0.9271,0.9212769224110127,0.9371
107,0.8797085333255487,0.8434,0.9112009196782206,0.9651,0.9233158699962873,0.8978,0.9807115133974115,0.9818,0.8637434940793481,0.8693
108,0.91519645922042,0.8828,0.9081314063335683,0.9749,0.917302781448003,0.9431,0.8628521196278518,0.8699,0.8956522099689649,0.8894
109,0.9051723035078841,0.9329,0.964015910835252,0.9786,0.9332798052899658,0.9464,0.8710680559162274,0.8393,0.9524271178292497,0.9487
110,0.9795309392606847,0.96,0.9028319724937226,0.9289,0.8980434270434452,0.8944,0.943220228514313,0.934,0.9998981365625991,1.0011
111,0.9978546289777201,0.9996,0.9756080560024837,0.9904,0.8967311827938577,0.9058,0.9530363634667736,0.956,0.9755964284194399,0.9718
112,0.9418547232640453,0.9667,0.9870503577860313,0.9974,0.9795407953546728,0.9547,0.9920650596643936,0.9832,1.0084873024476635,1.0038
113,0.9330021647893382,0.9139,0.9249418964903544,0.9476,0.906795738532271,0.8551,1.02866217851866,1.0122,0.9526517497447391,0.9645
114,0.937670727275503,0.9614,0.9942207239042974,0.9754,0.9591643546527626,0.9572,0.928765801122828,0.9425,0.9638323257958731,0.9522
115,0.8816136744294993,0.8391,0.9263438762758693,0.9875,0.9850998792194602,0.9837,0.955911682084334,0.9389,0.978739876075294,0.9633
116,1.0073810438618591,1.0146,0.8564011096991584,0.8308,0.8722609280763521,0.9113,0.8693149716883468,0.8699,1.0072825831422794,1.0049
117,0.9849504429680973,0.9861,0.9186750805201923,0.9407,0.9003520640750957,0.8896,0.9694050772241568,0.9635,0.9528262262241742,0.9641
118,0.9065274152618322,0.8532,0.9308528311045979,0.9401,0.9905124006850099,0.9976,0.9830105703005456,1.0227,0.9314394666218306,0.8347
119,0.923841080925473,0.954,0.985377248088127,0.981,0.9660349302680398,0.9538,0.9308753524452018,0.9576,0.9443136649248997,0.9442
120,0.9427561685785792,0.9385,0.9598417977849866,0.9571,0.9986756448438656,0.9801,0.9238675709582908,0.9109,0.918454847782039,0.881
121,0.8508359685071156,0.85,0.9452185942902912,0.9628,0.9527806537411357,0.9922,0.9455876837668664,0.947,0.9705403335632159,0.9593
122,0.9038094630353083,0.8654,0.9273984136638291,0.9115,0.8975119368500517,0.9053,0.8803349530309849,0.8614,0.9725853625396639,0.9851
123,0.9379455577350506,0.9556,0.9734285712129871,0.9773,1.0038155816856582,1.0095,0.9507451218545466,0.9236,0.9600688093364083,0.9595
124,1.0045456482902853,1.0115,0.9726274399441429,0.9725,0.9647773124945278,0.9316,0.9036816503697758,0.8397,1.006534049993134,1.0042
125,0.9154450721454976,0.9532,0.9777894299740211,0.9751,0.9902431247393902,0.9652,0.8776539704988143,0.8423,0.9615364946211846,0.9549
126,0.8893707249519421,0.9061,0.998212308645417,1.0008,0.9902498792918816,0.999,0.9470097088685289,0.9453,0.9798252405082607,0.9724
127,0.9014284376035993,0.8967,0.861439791840061,0.8817,1.0332132002097791,1.0242,0.9475462914540097,0.9354,0.9846863773972344,0.8835
128,0.8452532991099782,0.8437,0.9920036968187081,0.9803,1.0099742785223422,1.0116,0.8586548331917357,0.8596,0.9895921308054652,0.983
129,1.0198471386349208,1.0367,0.9064552141274633,1.0072,0.9339681665702572,0.9068,1.007325650591213,1.0122,0.9532596682772815,0.9786
130,0.853033885830684,0.849,0.919329201148496,1.0164,0.9915259009651217,0.9805,0.8588796872620934,0.8483,0.9695671466371852,0.9887
131,0.9752624927918917,0.9803,1.0322960447240401,1.0268,0.8763445791996143,0.8496,0.9866146613381668,0.9496,0.9641890233625775,0.9545
132,0.9083240316329784,0.9068,0.9919756005085489,0.9776,1.0120626081572457,1.016,0.9682377522503616,0.9797,0.8566053340814797,0.8438
133,0.9228878632134615,0.935,0.9554953339351148,0.9643,0.9498917427731921,0.9695,0.8762311287136582,0.8696,0.9879244673989573,1.0308
134,0.9203902976352207,0.9397,0.972122750989583,0.9793,0.9400042093470967,0.9391,0.9355767131130925,0.9468,0.9542062425069789,0.9542
135,0.8802111821903063,0.877,0.9905675052669318,0.9926,0.9782137545084326,0.9891,0.9436519843835344,0.938,0.9911271950941852,0.9524
136,0.9850173459068892,0.9898,0.9233700358229762,0.9074,0.9887778464484952,0.9827,0.9230490820944424,0.9078,1.021891424110876,1.0061
137,0.9703929932311747,0.9826,0.8802015021335858,0.8861,0.9218420312574169,0.9235,0.9385805096807575,0.9383,0.9358316112465357,0.9421
138,1.001783984307298,0.9816,0.9091545224280168,0.975,0.9899027966003296,0.952,0.8394275078603364,0.8343,0.8652231757102814,0.8832
139,0.9820739212495149,0.987,0.9453530293422326,0.952,0.9328439289603466,0.934,0.9195971534793865,0.9308,0.9840940628192374,0.9888
140,0.9618150508836728,0.9853,0.9305514839036884,0.9301,1.0173370735053295,1.0451,0.9633360958879195,0.9666,0.9566482604755525,0.9561
141,0.9894061099563065,1.0011,0.8922900209159808,0.9044,1.033316696399804,1.0118,0.8659668070578664,0.8626,0.9091909363192695,0.8132
142,0.9933156133541038,1.0368,0.9547334539380904,0.9553,0.9433273057879745,0.8439,0.9759109281070864,0.998,1.0200982330949768,1.0566
143,0.9875122641805795,0.9873,0.8940775945758429,0.8673,1.049760461116442,1.0378,0.9936101291521257,0.9533,1.0002667954168412,1.0002
144,1.0146774096333406,0.9935,0.9323068616028112,0.9609,0.9579127301553675,0.944,0.9581903993699155,0.9679,0.9412480324285318,0.9752
145,0.907654968988295,0.8552,0.9585186591021424,0.9614,0.8481848799068241,0.8466,0.9738391627042841,0.9571,0.9257988597578601,0.9381
146,0.9894787652202878,1.0558,0.8540705960506858,0.8421,0.9133617391825106,0.9147,0.8490006899739269,0.8546,0.9332170033634571,0.9552
147,0.9951031165417292,1.0065,0.9756325462670301,0.9781,0.9862033211907668,0.9784,0.9371989970743917,0.8773,0.9283436440605413,0.9319
148,0.8583041118876239,0.8388,0.9338996877445221,0.9378,0.9447961492185776,0.9159,0.9546694874780454,0.9289,0.8597682995733349,0.8706
149,0.9766552569656161,0.9927,0.9300641720801157,0.937,0.9324298791149265,0.9092,0.9724130174362946,0.9806,0.9650425068256671,0.9894
150,0.8969593083060863,0.9054,1.0008290995230535,1.0183,0.9832204200681084,0.9926,0.9992232030094848,0.9823,0.9432100188430121,0.9327
151,0.9399122093843336,0.9396,0.9586768861025371,0.9466,1.0104494421221242,1.0017,0.9008650751777151,0.8697,0.9606313583484075,0.9468
152,1.018309540399701,1.0174,1.010016762631375,1.014,0.9564480986594458,0.9566,0.9773071590509954,0.9795,0.989828584708816,0.9904
153,0.9500765759160826,0.9515,0.9919094442492763,0.9893,0.9441914932926254,0.9404,0.9744554762746811,0.9657,0.8967232667977232,0.8797
154,0.8977838263619471,0.8464,0.9645252939814339,0.986,0.8682797946068039,0.8828,1.0001822960044928,0.9936,0.990070236191219,1.036
155,0.9754334412494295,0.9736,0.9569961899020313,0.95,0.9431242723292672,0.9256,0.9163416502327212,0.9205,0.9491099605569387,0.9472
156,0.8951644974554062,0.8786,0.9679938674105554,0.9776,0.9667589277217586,0.9889,0.9983675231044247,1.0051,1.0025924749749515,1.0184
157,0.9551970339020397,1.0037,0.9577052883550039,0.952,0.9333305444014837,0.9589,0.962195589766034,0.9666,0.941913738027979,0.9275
158,0.951002512635061,0.8751,0.9885505150589431,0.992,0.8754968410794904,0.903,0.9176018325406956,0.9231,0.9287288454318989,0.9524
159,0.9476457211396686,0.9592,0.9810744797584936,1.0022,0.8727176088513264,0.898,0.8763424388890391,0.8593,0.9739783007222627,0.9943
160,0.9238793566119123,0.966,0.8937086638365611,0.8717,0.9348856151270858,0.9372,0.8968669621283099,0.8488,0.9670711554086522,0.9805
161,0.9172835643941005,0.9571,0.8951250459309494,0.8563,0.8628635933592108,0.8829,0.9722070904115008,0.9964,0.9340980856574814,0.9885
162,0.8659300960075276,0.8459,0.9744262653714533,1.0026,0.9606639413649988,0.9559,0.89906839141388,0.8849,0.8713105777047316,0.8457
163,0.9896893305474848,1.0188,0.9783423963163542,0.9841,0.9509193685573593,0.9606,0.9666093194500494,0.9924,0.8890662830073778,0.8914
164,0.9606633267020308,0.9519,0.9915365515812926,0.9867,0.8655407139678255,0.8477,0.8575790771860643,0.8518,0.915054366002513,0.8749
165,1.0021953725248496,0.9866,0.975994707267551,0.978,0.957576974773778,0.9919,0.9629005549932048,0.9537,0.9978747264723908,1.0098
166,0.9140829970415196,0.9104,0.908938574713172,0.9088,0.8748691614276523,0.8604,0.9676473861188981,1.0107,0.9243128226320801,0.9329
167,0.8997505800769692,0.8641,0.9846479788844634,1.0069,0.9212504209962381,0.94,0.9122549571427366,0.8898,0.8889271617144419,0.8687
168,0.879866651848868,0.8429,0.8870978285449577,0.8863,0.9648270146858021,0.959,0.881340378599312,0.8896,0.9644311169832263,0.9553
169,0.974668752332084,0.9644,0.8821605892198198,0.8925,0.9179866962595139,0.9132,0.8752191043564721,0.9003,0.9470183189248129,0.9081
170,0.954067432089331,0.9385,0.9950835002559314,0.995,0.869065430083766,0.9052,0.8931663393787445,0.8534,0.8599487227232504,0.8629
171,0.9893123941326651,0.9873,0.8751964402855367,0.8461,1.0243494561283268,1.0322,0.9353069265244294,0.9381,0.9399020581834778,0.9325
172,0.890356267758966,0.9043,0.9224842190796332,0.9189,1.0161223026822064,0.8496,0.8814372751898131,0.851,0.9114078773055453,0.9474
173,0.8700805807506327,0.8493,0.8880701817606806,0.8508,0.9649455906835127,0.9359,0.9700163591068652,1.0134,0.8501271030301116,0.8548
174,0.8314958863092936,0.8398,0.8679016807836727,0.9081,0.9733064265449808,0.9612,0.9684453684220655,0.9651,0.9932204768652264,0.9706
175,0.9314656263289772,0.9256,0.9839887846375991,1.0129,0.8865359596652309,0.9192,0.9518362547107106,0.9605,0.9623988839988279,0.9534
176,0.9869553949784526,1.0068,0.8763485123962094,0.8929,0.9753269264632787,0.9658,0.9223840668294442,0.9067,0.8874696563557352,0.8594
177,0.9014883914174272,0.905,0.8919104194800741,0.8983,0.9733946889117323,0.995,0.9816000006187334,0.9563,0.9208149047163616,0.8711
178,0.9866283356229947,0.9933,0.9431298096882944,0.9416,0.9761766120091889,0.9679,0.8629064728102205,0.8923,0.9002231266415825,0.8878
179,0.8807480735636598,0.8491,0.9756088770275897,0.9784,0.8459485774746148,0.8366,0.9422502685288082,0.9493,0.9420116323234671,0.934
180,0.8850485546976133,0.9281,0.907736765686626,0.9112,0.9279016521083789,0.9369,0.9647431892528784,0.9851,0.9349738596989384,0.9598
181,1.0222991774870183,1.016,0.9698215188120582,0.9685,0.8905870843778776,0.8934,0.9117682190292938,0.9462,0.9403999529557979,0.9354
182,0.9511885276693273,0.9468,0.8808246500784414,0.8927,0.8570774813430774,0.8572,0.907713745552174,0.9726,0.8587195284830027,0.8386
183,1.0033784338324503,0.9732,0.983312276353347,0.9949,0.9562686985570504,0.9691,0.8498354758131924,0.8453,0.909553307372226,0.9515
184,0.9278175267777173,0.9304,0.8800468224079799,0.8632,0.933858603046077,0.9602,0.9344094251033203,0.9356,1.009191361499266,1.0202
185,0.8764048399809011,0.931,0.9940966597233982,0.9978,0.8630949378537986,0.8642,0.8646231394477049,0.8516,0.8483014435569876,0.8503
186,0.9538497611143013,0.964,0.9451327430956163,0.9671,0.987233783318352,0.9555,0.9562353635392249,0.9811,0.9020576355966966,0.9142
187,0.9942979044662675,0.9773,0.96696312629574,0.9512,0.9602460111797108,0.9587,0.9191898811322542,0.9316,0.9298509700290608,0.93
188,0.9408982444401935,0.9482,0.9771685877399218,0.9983,0.8655169393611831,0.886,0.8713096640088833,0.8619,0.895896299625638,0.8879
189,0.9492960557056022,0.831,0.9578676936675327,0.9432,0.9028206588161969,0.9323,0.9525130353104574,0.969,0.9917826212888634,0.99
190,1.020301614329526,1.0246,1.0102381953522472,1.0164,0.9214993636221861,0.8436,0.9790906326479462,0.9904,0.8437624516495806,0.8368
191,0.9762266998745694,0.9424,0.9989149662771557,1.0212,0.9848661084617806,0.9691,0.8817457840458041,0.8889,0.9179016370126434,0.9231
192,1.0083223149338039,0.9932,0.9028877754349562,0.9142,0.9354230160968567,0.9349,0.9719082363860706,0.9303,0.9833718143599136,1.0077
193,0.975311093497216,0.9931,0.8909303222594223,0.8769,0.8906054054919402,0.845,0.9640990696630173,0.9776,0.9919048989680243,0.9683
194,0.8908378538034564,0.8711,0.914199412872181,0.9153,0.8944745060793402,0.8983,0.8776442953038363,0.8786,0.9479619961982422,0.8503
195,0.9866731349458057,0.9911,0.9389438816021916,0.94,0.917603343598435,0.9242,0.9206180801898491,0.8843,0.8489056933901906,0.8456
196,0.9861772708584052,0.98,0.9671452236910806,0.9741,0.8983263751576483,0.8403,0.8869394463334748,0.9112,0.9970457151188136,0.9971
197,1.0513161528218404,1.0505,0.9123483770397331,0.9716,0.8801784548064658,0.8588,0.9712791453996403,0.9725,0.9422388390098394,0.9867
198,0.9129636650218401,0.9399,0.9988832039420685,1.0081,0.9419518719856648,0.9565,0.9433481131441269,0.9226,0.9712152389159986,0.961
199,0.8617848079586239,0.8541,0.9304489537196791,0.9344,0.8575527522605091,0.8501,0.9685357198440806,0.9744,0.917296209002293,0.9293
200,0.9823049119784878,0.9889,0.9661830579425426,0.9564,0.9432931165340934,0.9247,0.9392581158808682,0.929,0.9443406682620854,0.9528
201,0.9664050624311465,0.9565,0.931681822004116,0.9334,0.9145233677079792,0.8768,0.947702463848188,0.9709,0.9856486047190625,0.9747
202,0.9948503974013843,1.0322,0.93484036254688,0.9799,0.9110720270125808,0.9082,0.9007174253774239,0.9131,0.8723283558494475,0.8562
203,0.9562608927993661,0.9881,0.978519210307564,0.9548,0.9761968805894585,0.9725,0.9560323434178306,0.981,0.9600768498503351,0.9712
204,0.9970180220852762,1.0093,0.9903870918161278,1.0154,0.9544063209370763,0.9657,0.9058925315341986,0.9304,0.990695914314756,1.0021
205,0.9959562084482163,0.9744,0.8819943091417853,0.8928,0.9922367288164935,0.9699,0.9597142430428659,0.9615,0.9441155011786888,0.9391
206,0.9869378941783099,0.9907,0.9439207483440689,0.9436,0.8838939720177231,0.8821,0.8806573092629131,0.8666,0.9126803233819302,0.902
207,0.859630878776774,0.8458,0.9537200124801329,0.9753,0.8872023376248503,0.8425,0.9363358070037069,0.9276,0.8950619407896037,0.8905
208,0.9537095103590105,0.9651,0.9693676047353963,0.9585,0.9436001826288509,0.9729,0.8695535127158611,0.8836,0.9232394889177354,0.8524
209,0.9446805624798819,0.966,0.9320438672747265,0.9109,0.9459085502398542,0.9643,0.9125345735917552,0.943,0.8858160042274239,0.8954
210,0.9406196853582101,0.9215,0.940839397855742,0.9567,0.838021690577138,0.8463,0.9829364894793234,0.9851,0.9974213754304367,1.0091
211,0.9730604166495663,0.995,0.9941195216617117,1.0103,1.0094979711359546,1.0196,0.9743699697645976,0.9782,1.0017056061106147,1.0144
212,0.9875121099559451,0.9862,0.9123070614030573,0.869,0.9427556876748231,0.8898,0.8615666375653889,0.8325,0.937865963570014,0.9426
213,0.9507217896195442,0.9359,0.9363648011311481,0.9384,0.9255789117737903,0.8821,0.9779059385944266,0.9588,0.9605908097520669,0.9598
214,0.8862479311937755,0.8441,0.9857981205170713,0.9497,0.9472327293981939,0.9392,1.0383014226733875,1.0434,0.9936301565956479,1.02
215,0.9114262220409056,0.9036,0.9027955514656456,0.8997,0.9402947335818814,0.9378,0.9250735903442016,0.9211,0.9693930124697128,0.9746
216,0.9862396874319873,0.981,0.9554536522511651,0.9598,0.9490985921812064,0.9136,0.8576816374638451,0.8315,0.8558471795458626,0.8673
217,0.9989541766518795,1.0025,0.8826610220191771,0.8757,0.9396144013311335,0.9803,1.0153868979373888,1.0133,0.9426415961448342,0.9375
218,1.0181149121424067,1.0408,0.9927061758025119,0.9717,0.9154552562195178,0.9083,0.9582798566172721,0.9584,0.8681259455518562,0.873
219,0.8817472239690477,0.8792,0.9688427615559457,0.9761,0.9363388443680281,0.9707,0.9970435499047643,1.0139,0.8709217398582171,0.8911
220,0.9611380651964488,0.988,1.0113124109760059,1.0118,0.9044889599291038,0.8806,0.9343406799361269,0.9523,0.9923570144957163,0.9747
221,0.9650026036983865,0.9653,0.9232534526874767,0.9532,0.9577671660620396,0.9438,0.973766560190138,1.0068,0.9379544526909263,0.9418
222,0.9382801584599333,0.8501,0.9410013313320912,0.8468,0.8532051792150773,0.8335,0.937291606627613,0.93,0.922257220853491,0.8769
223,0.9701263296192709,0.9507,0.9956313519243362,0.9936,0.9522492655042819,0.9941,1.0231913563518789,0.8453,0.8926627534501821,0.9173
224,0.8630335402809012,0.8787,0.8550295940701957,0.8695,0.9451037432992715,0.9285,0.8593234195458657,0.8881,0.9112396843728499,0.9221
225,0.9695663313622149,0.9808,0.8706611831032015,0.8371,0.8597194004843488,0.8682,0.9775310046948421,0.9929,0.8957458570493394,0.9006
226,0.8849118571068764,0.9237,0.9528808023361184,0.9452,0.969937882265414,0.9744,1.0225713091087396,1.0212,1.0181194437788441,1.0047
227,0.994833822295136,1.0082,0.9773225553248592,0.9834,0.9258739061741282,0.9374,0.9833470553100098,1.0005,0.9416567981155068,0.9335
228,0.833552540305274,0.8445,0.8714917296190704,0.8505,0.9568779059397909,0.9366,0.9824382839641826,0.9782,0.8634359876689267,0.8751
229,0.9812284952308359,0.9762,0.9885905332977375,0.9961,0.8793022746899195,0.8498,0.9328358969623526,0.9607,0.9944145283703774,0.9622
230,0.9933965429729379,0.9837,0.9212268863507798,0.9274,0.9384212233013893,0.9492,0.9345751576094301,0.9374,0.9366335542936254,0.9323
231,0.9355743081531491,0.9452,0.940153133126889,0.9454,0.9875923129600926,0.9523,0.9517614391806913,0.9537,0.8558146665048841,0.8397
232,0.9890109815548683,0.9556,0.9677217004313468,0.9767,0.9498351288009641,0.9289,0.9661991905698022,0.9804,0.8809328177049425,0.8407
233,0.9528878365922557,0.9667,0.9665135072826672,0.9549,0.9748043185815025,0.9966,0.9731579212714646,0.9811,0.9167593195653353,0.9017
234,0.8986956413776575,0.8722,0.9642733224221032,0.9966,0.868660209546065,0.8671,0.8513543124266144,0.8473,0.854507356960904,0.8329
235,0.9566688291958363,0.9973,0.9164428253200216,0.9184,0.9763075297579958,0.9906,0.9641377435899442,0.9692,0.9375235522357366,0.955
236,0.9592452726008533,0.9599,0.9933405839659445,0.997,0.8788756226712494,0.8889,0.9819669852635964,1.0041,0.9128734183950422,0.9159
237,0.9058703638381413,0.8429,0.8959688910203788,0.9019,0.9230717314945402,0.8949,0.9578575290271221,0.9405,0.9971278616865762,1.0084
238,0.9629634029506827,1.01,0.9825278245505648,0.9882,0.9752476239010394,0.9287,0.9646020169572161,0.9699,0.9900493788310301,1.0061
239,0.9132086864088796,0.9254,0.9333511644363028,0.9715,0.9937870380657717,1.0011,0.9953868935950952,0.9782,1.0095162419110726,1.0046
240,0.8650467028767385,0.8372,1.0057691752028795,1.0053,0.9788450184801455,0.9602,0.9804777633640162,0.9485,0.9365503571904773,0.8626
241,0.9405239388458624,0.9616,0.9970010667069933,0.9723,0.9575706761012811,0.9488,0.9484468812232159,0.9462,0.9373570382274014,0.9598
242,0.8734822612719497,0.8453,0.9716277866840423,1.0013,0.9819242794092741,0.9737,0.994534595174469,0.9854,0.9739140944283724,0.965
243,0.8610159795496926,0.8376,0.9588250002883267,0.9182,0.9945472044554371,1.0084,0.9971822677209782,0.988,0.9456459277597885,0.9615
244,0.9950449981022543,0.9988,0.904351007463366,0.9984,0.875857086953972,0.8713,0.9657717268569997,0.965,0.98711988575991,0.9865
245,0.9798022950362939,0.983,0.8966790545831761,0.9127,0.9800393569187541,0.9928,0.8673848593047481,0.8524,0.9756082692688056,0.9692
246,0.9651981989294823,0.9874,0.9876681765926343,0.9515,0.957465873329496,0.9785,0.9333090137396912,0.9087,1.006492182045849,1.0017
247,0.9446019788264771,0.9624,1.02600732699423,1.0053,0.9281153263294569,0.8636,0.9977507824287704,0.9989,0.8979085295401844,0.9185
248,0.9653717779188298,0.9575,0.9355646200812502,0.9436,0.9834819276968388,0.9865,0.9667560655807385,0.9946,0.9270424561154593,0.8966
249,0.9797953025178762,0.9602,0.9314185690835369,0.9542,0.960250005778648,0.9779,0.8929513691554009,0.8535,0.9889965976930473,0.983
250,0.8640921700493472,0.8389,0.9434015824914371,0.9441,0.9178913651531883,0.9917,0.8966756992701432,0.9179,0.8769591578546043,0.8521
251,0.9440197417989695,0.9679,0.9675411734824826,0.9528,0.9873076547920098,0.9936,0.9427893354254786,0.919,0.9695134334523321,0.8958
252,0.8906031539233676,0.9154,0.9149678190423306,0.8402,0.944202266595167,0.917,0.8362712634992525,0.8669,0.9479259798917506,0.8435
253,0.9818579862870349,0.9903,0.9431615749630814,0.9595,0.9925278449496904,0.9995,0.9185030262770977,0.9127,0.875624392137317,0.8622
254,0.9926747440121502,1.0012,0.9970455759614958,0.983,0.9790971708371976,0.9691,0.9996228472851594,0.9967,0.9560582671617,0.9526
255,0.9516220060739475,0.9449,0.9123929453306329,0.9181,1.0031811588242792,0.9973,0.9703257650306696,0.9288,0.9762623933362715,0.9761
256,1.0021508134429888,0.999,0.9855958830559857,1.0042,0.9426791744016899,0.9641,1.0166400227131118,1.0041,0.9567444963486386,0.9853
257,0.9542328086108449,0.898,0.9681184512763293,0.9735,0.9726199899608835,0.9896,0.8587006309326631,0.853,0.9537310075225829,0.9974
258,0.8848669521633445,0.8537,0.9451348204802975,0.9518,0.9832190018714259,0.9531,0.9098925937714692,0.9227,0.9326493592332152,0.9716
259,0.9446921428247443,0.8531,0.9564389215234088,0.9741,0.8879466771598347,0.8976,0.9857634089104701,1.0027,0.9855977590575037,0.9892
260,0.9605279656087885,0.9855,0.9888482272276551,0.989,0.9006962199747647,0.9232,0.9472176851836626,0.9134,0.8597659826586497,0.8623
261,0.9565195918576777,0.9397,0.9298851576298525,0.9518,0.89472774070813,0.9134,0.9287503909384307,0.9047,0.9265104059332375,0.9413
262,0.9057927424901473,0.8468,0.984864165438796,0.9889,0.9708171852714155,0.9648,0.9899540382478924,1.0051,0.9844608612947837,0.9994
263,0.8551218543386591,0.8272,0.975303623562101,0.9828,0.9915441757906887,1.0048,0.995003498469617,0.9993,0.9755403268088639,0.981
264,0.8921778744803892,0.9108,0.8700136250561012,0.8676,0.9961473134095876,0.9951,0.9807988144550458,0.9651,0.9802401043868277,0.9975
265,0.9226129299906014,0.9543,0.8714668375078584,0.8683,0.9349476709423749,0.9484,0.9107010852434333,0.9154,0.9818205251848705,0.969
266,0.9303341040204706,0.9316,0.8959103995515418,0.9187,0.9248421030210691,0.8389,0.9084371709009317,0.962,0.993416908024742,1.0037
267,0.9680537884054141,0.987,1.0071965239402456,1.0242,0.947798601222986,1.0089,0.9518017913118056,0.9196,0.8497436332632238,0.8426
268,0.9761216560207304,0.99,0.8719612717237156,0.8579,0.9901416055412848,0.9684,0.9388701950476677,0.9348,0.9576177544477413,0.9437
269,0.9685058476896309,0.9656,0.99690284239061,1.0051,0.9904041602443961,0.9783,0.8649140552760307,0.8532,0.9847026507307454,0.997
270,0.952068981624844,1.0137,0.9010163424354222,0.8429,1.004070688999713,1.009,0.976907740666701,0.9802,0.964386796463471,0.9592
271,0.9886636990223269,0.9822,0.9269417055272255,0.9149,0.9599591440078983,0.9066,0.9451297265288137,0.9812,0.92553339571522,0.9487
272,0.9634843040748794,0.9965,0.9413849357575288,0.9559,0.9609565458499482,0.9692,0.9631405831551205,0.9847,0.9322470267280558,0.956
273,0.9505774555539995,0.9359,0.9661404208438135,0.9723,1.0005608296616402,1.0117,0.936424235300095,0.9142,0.9700203334955636,1.0131
274,1.0004615239259063,0.9839,0.9746584871377664,0.9883,0.8489156167959495,0.8604,0.8408049986806536,0.8462,0.9518674226017849,0.983
275,0.9087187313690326,0.9195,0.9744878479884144,0.9608,0.9708700015084268,0.9902,0.9847897631076181,0.9894,0.9313058839141272,0.947
276,0.9439212218930413,0.9368,0.9729416240014157,0.966,0.975025954969655,0.9824,0.9759132130800272,0.9736,0.8974525003228007,0.9601
277,0.9692734186432493,1.0128,0.906480531843596,0.9046,0.9301641644836653,0.9312,0.9397484362610022,0.9656,0.9817014506789191,0.8789
278,1.0087676789269195,0.9866,0.923352773379605,0.9013,0.9402087067640132,0.9788,1.0075766976267646,0.9739,0.9496102282931114,0.9571
279,0.9089761975628905,0.9232,1.006149129208276,1.0597,0.9539291180547365,0.9453,0.9764851253275733,0.966,0.9256251083680532,0.8948
280,0.9680445005901883,0.9755,0.9397683183613073,0.9545,0.9256723788836025,0.9284,0.9007429470591672,0.9039,0.8768916339293042,0.8459
281,0.8969481152053546,0.908,0.8685800863399691,0.9022,0.9838576533229919,0.9318,0.9234250413620347,0.8962,0.9586188379411579,0.9618
282,0.9429921514501548,0.8376,0.9728352367807556,0.9777,0.9656694882665979,0.964,0.9707152946507079,0.9789,0.885962134925838,0.8875
283,0.9378007443802299,0.9483,0.9593267471990715,0.9511,0.9619052692918609,0.9692,0.9290067356403443,0.9798,0.9477473790157215,0.9637
284,0.9290417669667009,0.9121,1.0059395538867602,1.0331,0.9913022811215222,0.9931,0.9447912984683283,0.9699,0.9836897364276672,0.979
285,0.9306040486965519,0.9177,0.9272536791232499,0.9305,0.9676064057194103,0.9718,0.9751911201061727,0.9377,0.8944237833597655,0.9151
286,0.9539602001520691,0.9435,0.9888045935665987,0.9954,0.9968774018963498,0.9413,0.9761309699119347,0.9792,0.9799477834200621,0.9869
287,0.9636468001159049,0.9657,0.9458685246856146,0.9444,1.0019427884339875,1.0054,0.9144654452502468,0.8888,0.8891299266591467,0.8745
288,0.9757806785797817,0.9931,0.9309282864975861,0.9375,0.9287664772963915,0.8816,0.8820837497366478,0.8917,0.9336181643166848,0.8998
289,0.9831702505967779,0.9783,0.8929624249067967,0.8672,1.0043404711819985,1.0321,0.9194361133771739,0.8803,0.8540516208918809,0.8423
290,0.9903761182791059,0.9862,0.9677568151749171,0.9772,1.003554411567726,1.0099,1.0225737595950117,1.0577,1.0033400256412779,0.9955
291,0.9999136799360622,1.0121,0.9583216986351426,0.979,0.9899154835932672,0.9885,0.8990182524933609,0.8814,1.0279138120497402,1.0198
292,0.9481810665555089,0.9352,0.9622721244269974,0.9481,0.9122867549237891,0.8955,0.9103243543773479,0.9235,0.9713885730686935,0.9662
293,0.9741699484322695,0.9886,0.8849160679139181,0.8632,0.8365945314044355,0.8386,0.8494833866586378,0.8511,0.8296208690176158,0.8256
294,0.9213118050950889,0.9503,0.8926146042571594,0.8359,0.9616162204489985,0.9625,0.9961892668045076,0.9937,0.9873473979749358,0.9927
295,0.907975984332813,0.8943,0.9830681727005993,0.9964,0.9164603441166713,0.89,0.9979201918852698,1.0012,0.9256785436071162,0.8987
296,0.9741199326119795,0.9725,0.9548734820346035,0.9513,0.8836632585529843,0.8619,0.998221841160084,1.0008,1.0334060831931122,1.0516
297,0.9390819470264148,0.9428,0.9278431397535979,0.9326,0.8873595721579692,0.8771,0.9870239783559638,0.9991,0.9363422024497583,0.9473
298,0.9104571278313307,0.9031,0.8839445611461021,0.8497,0.9896970376067287,0.9971,0.9679424872847269,0.9695,0.9408103144920659,0.9346
299,0.9146461909743272,0.9256,0.9859071306212301,1.019,0.9299122420882634,0.9168,0.9478247279177994,0.9029,0.9595658318280808,0.9547
300,0.9782082009974274,0.9744,0.9934576161758835,0.9985,0.999786654921969,1.045,0.8945445980055875,0.9203,0.9275230125026567,0.8699
301,0.9829182876916203,0.9695,0.864106446423988,0.8298,0.9405898739785311,0.8809,0.958892889402431,0.9622,0.9589003812106683,0.9553
302,0.9016517509715765,0.9409,0.9769866422965089,0.9942,0.9288735920491187,0.9308,0.9831203270202205,0.9768,0.9380620759109806,0.9421
303,0.9417446778375729,0.9038,0.9241163604375027,0.9412,0.9422805580674737,0.9752,0.9518603491874805,0.9399,0.9133944825432617,0.921
304,0.8830786156312044,0.8744,0.9589565395087702,0.9735,0.9762642381752359,0.9863,0.8423275666704103,0.8522,0.9520026835725462,0.9219
305,0.9685332023353957,0.9846,0.9133975840232594,0.8783,0.8515460002229269,0.8437,0.9511062494433408,0.9287,0.8511156576509463,0.8434
306,0.995987661922057,0.9924,0.9874906998790717,1.0,0.9484569955198142,0.9768,0.9639969301578654,0.9898,0.9883811164215198,1.0002
307,0.9313036312254773,0.9674,0.9416074902630255,0.959,0.8985291107162356,0.9042,0.9467720979613331,0.9582,0.9886415319510777,0.9631
308,0.9901467077088116,0.9873,0.8647156936078749,0.8727,0.8717003068472065,0.868,0.9234575712731554,0.8833,0.8898566165592107,0.9328
309,0.9768103380093953,0.9732,0.9746699443823607,0.9511,0.9585306857011027,0.8809,0.9457417300618651,0.9604,0.9642534221023322,0.9557
310,1.0003516958848302,0.9957,0.9413557306432698,0.9567,0.9346262792849707,0.9238,0.9276733101346208,0.9398,0.9143164245715869,0.9162
311,0.9757014989726154,0.9851,0.9469193368375326,0.9587,0.9493553727778963,0.9579,0.917012943862006,0.9145,0.9568490937659445,0.9617
312,1.00072548865722,0.9917,0.94981536172715,0.949,0.8597465567453935,0.8467,0.9603825933455594,0.961,0.907947701751616,0.8477
313,0.9799088185548038,0.9828,0.8412678163224795,0.8455,0.9909169429474552,0.9951,0.9853966554197582,0.9864,0.9949209194390777,0.9301
314,0.9825065346029862,0.9788,0.8738929391160791,0.8834,0.9798760887177096,0.9723,0.9303447313306261,0.9004,0.9572958335604744,0.9606
315,0.9160191047959245,0.9056,0.9755106455392293,0.9553,0.8480244944182054,0.8279,0.8662560961646508,0.9202,0.8859143922021373,0.8805
316,0.9310620055741714,0.9467,0.9307859718796381,0.9292,0.8889520951228368,0.8726,0.9906995085110789,1.036,0.9453143739186793,0.9466
317,0.9156696814479868,0.9191,0.9950044468324312,1.0199,0.9410860718344444,0.9255,0.9296234997866721,0.9294,1.0121095808966818,1.0246
318,0.9173600201523339,0.9088,0.9648528544966282,0.9655,0.9800420280092609,1.0,0.9855594440942205,0.9678,0.9811951546237259,0.9561
319,0.9933265684144735,1.0139,0.9414391501396842,0.9801,0.9606328254662684,0.9587,0.9061110474165472,0.9341,0.9218248438466292,0.9114
320,0.8965902037641267,0.8557,0.9794865143696052,0.9651,0.9477989973769522,0.9512,0.9022350054738362,0.9259,1.0125410563457693,1.0148
321,0.9487987694123068,0.9989,0.9293295580786416,0.9285,0.9744424505158136,0.965,0.949212470677189,0.9453,0.9153269378987118,0.8782
322,0.9376828707606782,0.9409,0.9588732969976899,0.9663,0.9777426078909409,0.9731,0.9994142264678255,0.9838,0.9010626840123871,0.9336
323,0.9056581681375268,0.9696,0.9562267809129292,0.9819,0.9732142292890231,0.9779,0.9073302301173625,0.9091,0.9284585620766518,0.9229
324,0.9947729675122211,0.9937,0.852550576300479,0.8402,0.9523093899468241,0.9491,0.9358820576178886,0.9384,0.9480091620747199,0.9408
325,0.9766820793984292,0.9885,0.8796854837606114,0.8474,0.8726739469059801,0.8425,0.8984595770199725,0.8849,0.9994859836482548,1.0064
326,0.8670806912737008,0.8767,0.9939629033225105,1.0099,0.8594537164066186,0.8769,0.9786426878940792,0.9901,0.9290316760710867,0.9441
327,0.9889317894493366,0.9993,0.9606641979577785,1.0051,0.9487629058943249,0.9695,0.9314565491880744,0.8858,0.9775963758644866,0.9887
328,0.9872139024145988,0.9702,0.978934037616225,0.9644,0.9731364034045041,0.9644,0.864843680760726,0.8342,0.9321213794008766,0.9282
329,0.9650345058406825,0.9554,0.980053803538523,0.9929,0.9460273387550704,0.9584,0.8715029038209129,0.8402,0.8410705302161622,0.8419
330,0.9367854877138455,0.9461,0.9891000376728436,0.9896,0.8163962655691277,0.8956,0.9524726833266955,0.9398,0.9253859735702862,0.9373
331,1.0041154072021623,1.0437,0.9464438453479384,0.9439,0.980336490031176,0.9834,0.9473144699095423,0.9846,0.9959991149052446,1.033
332,0.988510327457799,0.993,0.9859953068414609,1.0149,0.9738326788186255,0.9919,0.955001407002262,0.9514,0.9465723398559848,0.9359
333,0.953247784134531,0.9525,0.8784214831660828,0.9091,0.9674705518599865,0.9653,0.9639999600548367,0.9537,1.019940548397032,1.0356
334,0.9812670417652453,1.0044,0.940269736524369,0.953,0.9478748339946157,0.9489,0.9706557291441869,0.9797,0.9063532560612412,0.9196
335,0.8988844151050797,0.921,0.9192207108356661,0.869,0.9597983036785378,0.9619,0.9899344006193576,0.9883,0.9954935333030013,0.9986
336,0.9846649477326836,0.9561,0.981669709935148,0.9544,0.9782822377448641,0.9934,0.9411288867466744,0.9263,0.9130539512501287,0.8973
337,0.9538554172216158,0.9471,0.9015460652389673,0.9324,0.9733773303005674,0.9584,0.8527203390952038,0.8366,0.9879836068111086,0.9862
338,0.9259399828529769,0.8781,0.9862726668621823,0.9817,0.9474018099673709,0.9481,0.9928225748542825,0.9962,0.9224532611590064,0.8229
339,0.8749998374763089,0.8432,0.9973939264869829,0.9877,0.9327923685480796,0.8695,0.9548333348396393,0.9436,0.9728648251184121,0.9635
340,0.9851168513975515,0.9923,0.9483070493849053,0.9364,0.8519941446962688,0.9054,0.957239054065033,0.9173,0.887354572770214,0.8698
341,0.8877137324821602,0.8721,0.9512245964949008,0.9868,0.925547658863304,0.9386,1.0145222015746587,1.0014,0.969411169131929,0.9696
342,0.9138611411744467,0.9471,0.9093109568397073,0.8789,0.894950226670419,0.9186,0.8872684633393788,0.8939,0.9646114696342644,0.9534
343,0.974421123921778,0.9719,1.0108192722623588,0.9591,0.8533486437238412,0.8515,0.9521298990210828,0.9626,0.9979184554150996,0.9787
344,0.8522621486875387,0.865,0.9881505403124893,0.9822,0.8971992280298993,0.9357,0.9912902387819167,1.0032,0.8519656631750451,0.8518
345,0.9587141055030508,0.9889,1.0220292627066463,0.9908,0.9125384891836794,0.9344,1.0026835185485516,0.9655,0.9911208026073062,1.0224
346,0.9051012580147119,0.8962,0.9402272048535164,0.9606,0.9686540745095354,1.0013,0.9715430463798306,0.9951,0.9424589550257455,0.9363
347,0.8592558009520592,0.8544,1.0045886710689345,0.9671,0.8817741813973675,0.8433,0.8487191812209238,0.9088,0.9555623763816689,0.9626
348,0.866465219894156,0.8684,0.9240730729909187,0.9332,0.9955963538415183,1.0005,0.9531685682975172,0.9492,0.9782511881214986,0.9899
349,0.8705544260156901,0.9171,0.952848904100592,0.941,0.9028358627896755,0.9083,0.8881981012406315,0.8862,0.9491535544048495,0.9412
350,0.9569011146648986,0.98,0.8944061433183529,0.8655,0.9338075237664958,0.9242,0.9635709481943886,0.9854,0.9818579981239062,1.0149
351,0.9531691679512362,0.9441,0.9305775822793496,0.9571,0.9063352866943091,0.909,0.8541090817477881,0.8634,0.8860236143566496,0.9087
352,0.859270179854106,0.8484,0.9627414573026867,0.964,0.9641662509736422,0.9672,0.8904567756922684,0.9475,0.9608447817382828,0.9618
353,0.9178307360142526,0.8592,1.0169215426616052,1.052,0.9482478438046581,0.9682,0.9009239479645592,0.9346,0.9758592896861443,0.8613
354,0.9474572964391184,0.951,0.9577618352785867,0.9676,0.9489632092585409,0.9351,0.9670048133782938,0.9749,0.916901109575673,0.9166
355,0.9936103185606368,0.9856,0.8598234906852745,0.8516,0.9442457160241615,0.9302,0.9598769198289078,0.9569,0.9608703907136171,0.9607
356,0.9186945527065749,0.9137,0.8678372121074,0.8434,0.9464135417969884,0.9555,0.8990632962473688,0.9004,0.9487348702207862,0.9534
357,0.843083958808618,0.8444,1.015795922780794,1.036,0.8916341300378678,0.8604,0.9653421344674823,0.9743,0.99382585631494,0.9793
358,0.8648464303718735,0.8916,0.9587612684424499,0.9692,1.0096766455148811,1.0082,0.9473392704938801,0.9401,0.9379765023163208,0.9376
359,0.870763838881893,0.8571,0.9379426657808563,0.9633,0.8945409385351027,0.8458,0.9510100477664624,0.9873,0.8978020412295339,0.9054
360,0.9353099973970127,0.9483,0.9009030382063938,0.8965,0.9879391999138845,0.9927,0.9526996051727735,0.946,0.9765384707262138,0.9878
361,0.9531134607138082,0.9605,0.9772667899112623,0.9847,1.003389668786987,0.9884,0.9401712016037906,0.9876,0.9657018910717167,0.9709
362,0.9089677332270163,0.902,0.9183681026817815,0.8798,0.9722839727038334,0.9607,0.9211202360711915,0.9445,0.9824737180312481,0.8994
363,0.9399225257879552,0.9516,0.8633365730525088,0.8559,1.005464774860431,1.0165,0.9162260410694921,0.9463,1.000913593651623,1.0323
364,0.9218733020178562,0.9301,0.8939445209359803,0.8665,0.9746097423409901,0.9719,0.9750001729679729,1.0074,0.9686247598590427,0.9429
365,0.9890127282806696,1.0174,0.9695299068087224,0.9678,0.9837840171312328,1.0295,0.9800980838461484,0.9982,0.8960164034365297,0.8417
366,0.9513975558384858,0.9566,0.9596863580185414,0.986,0.9789869654220349,0.9968,1.0155467530520117,1.0272,0.9874398486476359,0.9487
367,0.9988977746458622,0.9783,0.9377830782924254,0.9383,0.8967159087139661,0.9224,0.9811469387506174,0.9716,0.9209589892435529,0.8917
368,0.9585927727206539,0.9576,0.9463591374971025,0.9403,0.9774034617442204,0.9579,0.9849403341357361,1.0132,0.9398013987746381,0.9387
369,0.9178637009186825,0.91,0.8885753065365227,0.9436,0.9455215660694406,0.9477,0.9563343422427064,0.9834,0.911575622524099,0.9176
370,0.9676516031691832,0.9523,0.986720114123109,0.9727,0.8681376687407076,0.8468,0.9137061349441364,0.9499,1.0409115124276362,1.0619
371,0.9368204307286865,0.9114,0.9120692586277589,0.8575,0.8924479604842703,0.8972,0.8588260580987347,0.8438,0.9441662964244961,0.9319
372,0.9200169090275123,0.9676,0.9710101018037173,1.002,0.9735827791029242,0.994,0.9329826472564092,0.9339,0.9329664337286641,0.933
373,0.9499152686649647,0.9377,0.8974097750518211,0.9493,0.9145644879829528,0.9027,0.9578230591253784,0.9628,0.8763803757101518,0.8624
374,0.9317343777000654,0.9189,0.9478415138877532,0.9451,0.917462637698243,0.9125,0.981202044515637,0.9722,0.9753175089955525,0.975
375,1.0032663004346285,1.0198,0.9131342831841335,0.9326,0.953414744493582,0.9104,0.9461330005642287,0.9872,0.9858477412990505,0.9908
376,0.9701866757696875,0.9643,0.9733534547008676,0.9682,0.9388164385748927,0.9587,0.9911886695654863,0.9944,0.9576305463562812,0.9561
377,0.9262589367286562,0.9176,0.995769234164403,0.9752,0.9761491291363584,0.9963,0.9331147955129028,0.9239,1.010637487512693,1.0415
378,0.925494869057462,0.9325,0.9501320679708098,0.9733,0.9845361072444497,1.0015,0.9236818065268569,0.9589,0.9902476070343994,0.9605
379,0.9522316402794392,0.9522,0.9498723589477539,0.9448,0.9270484246515471,0.8827,0.8708643381421518,0.8434,0.9740304902494661,0.9201
380,0.9868489538292943,0.9787,0.987597941911151,0.9985,0.9284092492574222,0.9203,0.8739161761293545,0.8655,0.8539146215317104,0.8428
381,0.9183583918790149,0.9732,0.9788617244043416,0.9913,0.8510100682684278,0.9852,0.9821007000417712,0.9918,0.9687974622976842,0.9827
382,0.9915091047818028,0.978,0.9692340638798367,0.9657,0.861374087178147,0.8517,0.8894696075241592,0.8541,0.9472227930649326,0.9561
383,0.9647523224806798,0.9727,0.8680649145349632,0.859,0.9928991803806836,1.0256,0.9323987231089247,0.8922,1.0034869598725509,1.0288
384,0.8609110713013405,0.8473,0.9590743957176203,0.9892,0.9174518214790492,0.9165,0.889042916488588,0.8804,0.9287513504582657,0.9082
385,0.9171794736716654,0.9982,0.8660538909090638,0.8467,1.023073800593228,1.0073,0.9267748743024284,0.967,0.9443916102634862,0.9447
386,0.987586703370736,1.0004,0.9661861500673098,0.9698,0.9705659971117342,0.9718,0.9641912733205849,0.9287,0.8813396246887982,0.8751
387,0.858309261595579,0.843,0.8577720186509928,0.8626,0.9103162181688808,0.9195,0.971411374297671,0.9948,0.8773424550338502,0.8474
388,0.8942024848420703,0.8758,0.9079829323126719,0.8993,0.9246319196246663,0.9398,0.9783892362565652,0.9992,1.0001280832277306,0.9883
389,0.9676272646658974,0.9328,0.9805855045511047,1.0194,0.1,0.1,0.1,0.1,0.1,0.1
