,epoch,learning_rate,train_mae,val_mae,test_mae,train_rmse,val_rmse,test_rmse,train_r_squared,val_r_squared,test_r_squared
0,1,0.1,2.49206,2.530877,2.4027321,3.0940583,3.1174304,2.8266087,0.49740660190582275,0.4719236493110657,0.5118616223335266
1,2,0.1,2.1458914,2.0946186,2.2300642,2.6970267,2.5892138,2.6643245,0.6181170344352722,0.6357169449329376,0.566303551197052
2,3,0.1,2.1441362,2.0760093,2.1959515,2.688385,2.5870214,2.6359057,0.620560348033905,0.6363336145877838,0.575506180524826
3,4,0.1,2.122289,2.1062086,2.1959515,2.6547403,2.604142,2.6359057,0.6299981772899628,0.6315043568611145,0.575506180524826
4,5,0.1,2.0515535,2.0505352,2.092469,2.5833824,2.5529935,2.4944723,0.6496217250823975,0.6458375453948975,0.619837760925293
5,6,0.1,2.0098453,2.029076,2.067922,2.5385804,2.5157666,2.4696794,0.6616691052913666,0.6560907959938049,0.62735715508461
6,7,0.1,1.98543,2.0202713,2.0493324,2.5143392,2.4966006,2.4590654,0.6680997908115387,0.6613109111785889,0.630553275346756
7,8,0.1,1.9583068,2.002395,2.030171,2.4833577,2.4807684,2.4422169,0.6762287020683289,0.6655928194522858,0.6355986297130585
8,9,0.1,1.9308884,1.9742633,2.0081134,2.450311,2.464027,2.4143157,0.6847883760929108,0.6700910925865173,0.6438772082328796
9,10,0.1,1.9130894,1.9582111,1.9787545,2.4275873,2.4601583,2.3824105,0.6906076967716217,0.6711262166500092,0.6532273590564728
10,11,0.1,1.8970209,1.9592644,1.9787545,2.4120843,2.4610324,2.3824105,0.6945467293262482,0.6708924770355225,0.6532273590564728
11,12,0.1,1.8855419,1.9648134,1.9787545,2.3994586,2.469026,2.3824105,0.6977360844612122,0.668751060962677,0.6532273590564728
12,13,0.1,1.8675513,1.9569472,1.9098084,2.3815193,2.4639544,2.339412,0.7022388577461243,0.6701105535030365,0.6656317710876465
13,14,0.1,1.8529145,1.9480286,1.8992716,2.365497,2.4599373,2.3393214,0.7062318921089172,0.6711853444576263,0.6656576097011566
14,15,0.1,1.8381224,1.9371467,1.8927623,2.3519654,2.4564354,2.3377218,0.7095832228660583,0.6721208691596985,0.6661147177219391
15,16,0.1,1.8232453,1.922698,1.8822647,2.3369055,2.4491277,2.329128,0.7132904827594757,0.674068808555603,0.6685650646686554
16,17,0.1,1.8120387,1.9101549,1.8642725,2.320998,2.439021,2.311106,0.7171805500984192,0.6767532229423523,0.6736742556095123
17,18,0.1,1.796592,1.8933376,1.8427067,2.3025446,2.4232435,2.2882795,0.7216598093509674,0.680921733379364,0.6800885498523712
18,19,0.1,1.7766626,1.8650079,1.8223225,2.2804227,2.4032369,2.2646232,0.7269825041294098,0.6861686706542969,0.6866689324378967
19,20,0.1,1.7611896,1.8440253,1.8035074,2.2655966,2.3889916,2.2415564,0.7305209338665009,0.6898781955242157,0.6930194199085236
20,21,0.1,1.7502186,1.8344799,1.7826356,2.2525475,2.3815143,2.2132344,0.733616292476654,0.6918164193630219,0.7007277607917786
21,22,0.1,1.7373111,1.8370806,1.7826356,2.239402,2.3797252,2.2132344,0.7367163002490997,0.6922793090343475,0.7007277607917786
22,23,0.1,1.7238241,1.8277627,1.7535233,2.2225046,2.3788195,2.172675,0.7406745553016663,0.6925135254859924,0.7115961611270905
23,24,0.1,1.7056208,1.8240126,1.7416506,2.2067125,2.383987,2.1589465,0.7443467676639557,0.6911761462688446,0.7152292430400848
24,25,0.1,1.6929755,1.8261102,1.7416506,2.1924045,2.391841,2.1589465,0.747651219367981,0.6891379654407501,0.7152292430400848
25,26,0.1,1.6823789,1.8175683,1.6967129,2.1747925,2.3809438,2.111206,0.7516892552375793,0.6919640898704529,0.7276842296123505
26,27,0.1,1.6657854,1.796284,1.6597617,2.162386,2.3558545,2.0769975,0.754514291882515,0.6984217464923859,0.7364375293254852
27,28,0.1,1.6533635,1.7752686,1.6502835,2.1412594,2.3449802,2.0569682,0.7592876106500626,0.7011993527412415,0.7414962947368622
28,29,0.1,1.6383106,1.7667363,1.6346807,2.1228082,2.3371787,2.0460765,0.7634181827306747,0.7031842470169067,0.7442266047000885
29,30,0.1,1.6248492,1.7569517,1.6272105,2.1098535,2.331529,2.0458689,0.7662969082593918,0.7046175599098206,0.7442785501480103
30,31,0.1,1.6282915,1.7730387,1.6272105,2.1053233,2.3352985,2.0458689,0.7672994881868362,0.7036615908145905,0.7442785501480103
31,32,0.1,1.6852496,1.7983301,1.6272105,2.1889658,2.3742697,2.0458689,0.7484422326087952,0.6936885714530945,0.7442785501480103
32,33,0.1,1.6174939,1.7297162,1.6032882,2.088698,2.2871232,1.9965302,0.7709601670503616,0.7157619595527649,0.7564639002084732
33,34,0.1,1.655099,1.767181,1.6032882,2.1272748,2.3223853,1.9965302,0.7624215930700302,0.7069298028945923,0.7564639002084732
34,35,0.1,1.5834221,1.740711,1.6032882,2.0775223,2.3227067,1.9965302,0.7734045386314392,0.706848680973053,0.7564639002084732
35,36,0.1,1.5990312,1.7547525,1.6032882,2.1022096,2.3378737,1.9965302,0.7679872810840607,0.703007698059082,0.7564639002084732
36,37,0.1,1.5683281,1.7081236,1.529417,2.04963,2.2704349,1.9509135,0.7794481664896011,0.7198947668075562,0.767465353012085
37,38,0.1,1.5678871,1.6914871,1.5730183,2.0328786,2.2402403,1.9650552,0.7830384820699692,0.7272954881191254,0.7640819698572159
38,39,0.1,1.5559598,1.676272,1.5988032,2.0221653,2.2532759,1.9922692,0.7853192239999771,0.7241126298904419,0.7575023025274277
39,40,0.1,1.521968,1.6773607,1.5988032,1.9988925,2.2406304,1.9922692,0.7902322560548782,0.7272005081176758,0.7575023025274277
40,41,0.1,1.527389,1.7081637,1.5988032,2.0153084,2.2709334,1.9922692,0.7867727130651474,0.7197717726230621,0.7575023025274277
41,42,0.1,1.5207757,1.7062418,1.5988032,2.0072148,2.289022,1.9922692,0.7884819060564041,0.7152898013591766,0.7575023025274277
42,43,0.1,1.4992396,1.6787553,1.5988032,1.9734855,2.2707157,1.9922692,0.7955309152603149,0.7198255062103271,0.7575023025274277
43,44,0.1,1.4884586,1.646645,1.4996755,1.9539025,2.2331986,1.9014859,0.7995686829090118,0.7290071249008179,0.7790989130735397
44,45,0.1,1.4990029,1.6353322,1.5000682,1.9557141,2.2221653,1.8790122,0.7991968393325806,0.7316782474517822,0.7842897325754166
45,46,0.1,1.4709647,1.642518,1.5000682,1.929126,2.235709,1.8790122,0.8046195954084396,0.7283976078033447,0.7842897325754166
46,47,0.1,1.4834238,1.6976627,1.5000682,1.9392864,2.2941263,1.8790122,0.8025561422109604,0.7140186429023743,0.7842897325754166
47,48,0.1,1.5063413,1.6912843,1.5000682,1.9648643,2.26186,1.8790122,0.797313466668129,0.722006618976593,0.7842897325754166
48,49,0.1,1.4572631,1.6524895,1.5000682,1.9030071,2.2403417,1.8790122,0.8098743855953217,0.7272708117961884,0.7842897325754166
49,50,0.1,1.5040138,1.6763462,1.5000682,1.9479078,2.2957065,1.8790122,0.8007966727018356,0.7136245369911194,0.7842897325754166
50,51,0.1,1.5695673,1.6946377,1.5000682,2.0356925,2.2233412,1.8790122,0.7824374437332153,0.7313942313194275,0.7842897325754166
51,52,0.06999999999999999,1.582453,1.7060305,1.5000682,2.0525815,2.2409275,1.8790122,0.7788124829530716,0.7271281480789185,0.7842897325754166
52,53,0.06999999999999999,1.5526061,1.7012384,1.5000682,2.0155873,2.2373426,1.8790122,0.786713644862175,0.7280005514621735,0.7842897325754166
53,54,0.06999999999999999,1.4894769,1.6948966,1.5000682,1.9530865,2.250182,1.8790122,0.7997360676527023,0.7248697578907013,0.7842897325754166
54,55,0.06999999999999999,1.5455825,1.8227875,1.5000682,2.0075204,2.3908935,1.8790122,0.7884175181388855,0.6893841624259949,0.7842897325754166
55,56,0.06999999999999999,1.4670036,1.7008632,1.5000682,1.9163672,2.2785923,1.8790122,0.8071954697370529,0.7178784012794495,0.7842897325754166
56,57,0.06999999999999999,1.4480419,1.6162088,1.4311664,1.8993869,2.1773067,1.7858367,0.8105970919132233,0.7424021065235138,0.8051523864269257
57,58,0.06999999999999999,1.497224,1.6430709,1.4311664,1.9516691,2.1817763,1.7858367,0.8000266253948212,0.7413433790206909,0.8051523864269257
58,59,0.06999999999999999,1.4767205,1.6355962,1.4311664,1.930621,2.1838603,1.7858367,0.8043166548013687,0.7408490180969238,0.8051523864269257
59,60,0.06999999999999999,1.42326,1.6131032,1.425057,1.8766035,2.186637,1.7963302,0.8151136636734009,0.7401896417140961,0.8028558194637299
60,61,0.06999999999999999,1.4375105,1.6545554,1.425057,1.8857483,2.245212,1.7963302,0.8133073449134827,0.7260837554931641,0.8028558194637299
61,62,0.06999999999999999,1.4527515,1.6839005,1.425057,1.9007295,2.261169,1.7963302,0.8103292137384415,0.7221763730049133,0.8028558194637299
62,63,0.06999999999999999,1.42431,1.6504077,1.425057,1.8707173,2.2302136,1.7963302,0.8162716925144196,0.7297311127185822,0.8028558194637299
63,64,0.06999999999999999,1.4104621,1.6085349,1.4400697,1.8515544,2.176499,1.8185847,0.820016473531723,0.7425931990146637,0.7979407757520676
64,65,0.06999999999999999,1.4053578,1.5813051,1.4265025,1.8426971,2.1488676,1.794237,0.8217343240976334,0.7490874528884888,0.8033149987459183
65,66,0.06999999999999999,1.3918115,1.557128,1.4165773,1.8288155,2.1580045,1.7895238,0.824410080909729,0.7469491362571716,0.804346963763237
66,67,0.06999999999999999,1.3903139,1.5755821,1.4165773,1.8305687,2.2078147,1.7895238,0.8240732550621033,0.7351326942443848,0.804346963763237
67,68,0.06999999999999999,1.382457,1.5861577,1.4165773,1.8161623,2.2054777,1.7895238,0.8268314152956009,0.7356931567192078,0.804346963763237
68,69,0.06999999999999999,1.3849033,1.6065724,1.4165773,1.8192582,2.213199,1.7895238,0.8262405395507812,0.7338392734527588,0.804346963763237
69,70,0.06999999999999999,1.3796084,1.6125005,1.4165773,1.8156012,2.210032,1.7895238,0.8269384056329727,0.7346004247665405,0.804346963763237
70,71,0.06999999999999999,1.3580779,1.5978055,1.4165773,1.7933071,2.1878095,1.7895238,0.8311624228954315,0.7399109303951263,0.804346963763237
71,72,0.06999999999999999,1.3446183,1.5820026,1.4165773,1.7788723,2.1753364,1.7895238,0.8338695168495178,0.7428680956363678,0.804346963763237
72,73,0.048999999999999995,1.3327502,1.5624053,1.4165773,1.7639751,2.152962,1.7895238,0.8366403728723526,0.7481303811073303,0.804346963763237
73,74,0.048999999999999995,1.3313739,1.555974,1.3751016,1.7537776,2.150467,1.7467606,0.8385236859321594,0.7487137913703918,0.8135860562324524
74,75,0.048999999999999995,1.3321913,1.5641549,1.3751016,1.7505571,2.158156,1.7467606,0.8391162008047104,0.7469136416912079,0.8135860562324524
75,76,0.048999999999999995,1.3215544,1.5769581,1.3751016,1.7397418,2.180258,1.7467606,0.8410979807376862,0.7417033016681671,0.8135860562324524
76,77,0.048999999999999995,1.3063358,1.5876346,1.3751016,1.7292699,2.1962092,1.7467606,0.8430051803588867,0.7379099726676941,0.8135860562324524
77,78,0.048999999999999995,1.295076,1.5816458,1.3751016,1.723454,2.2061896,1.7467606,0.8440593928098679,0.7355224788188934,0.8135860562324524
78,79,0.048999999999999995,1.2904574,1.5732208,1.3751016,1.7250009,2.1820536,1.7467606,0.8437793552875519,0.741277664899826,0.8135860562324524
79,80,0.048999999999999995,1.2800959,1.5708653,1.3751016,1.7088072,2.187112,1.7467606,0.846698671579361,0.7400766909122467,0.8135860562324524
80,81,0.0343,1.2716627,1.569673,1.3751016,1.697868,2.1884851,1.7467606,0.8486551642417908,0.7397502362728119,0.8135860562324524
81,82,0.0343,1.2682605,1.5698315,1.3751016,1.6911345,2.189727,1.7467606,0.8498532027006149,0.7394547760486603,0.8135860562324524
82,83,0.0343,1.2665836,1.5648272,1.3751016,1.6864686,2.1852028,1.7467606,0.8506805598735809,0.7405303418636322,0.8135860562324524
83,84,0.0343,1.261956,1.5547519,1.3406633,1.6798898,2.1732118,1.722397,0.8518432676792145,0.7433700859546661,0.8187499791383743
84,85,0.0343,1.2546597,1.5469341,1.3305544,1.6719958,2.1616547,1.7081298,0.8532324135303497,0.7460923790931702,0.8217402398586273
85,86,0.0343,1.2477385,1.5455774,1.3209095,1.6658893,2.1542969,1.6945351,0.8543025106191635,0.7478179633617401,0.8245664089918137
86,87,0.0343,1.2409021,1.5446889,1.315649,1.6615456,2.153966,1.6886449,0.8550612926483154,0.747895359992981,0.825783908367157
87,88,0.0343,1.234704,1.543203,1.3132151,1.6551993,2.1547458,1.684154,0.8561663925647736,0.7477128207683563,0.8267093151807785
88,89,0.0343,1.2306054,1.5437069,1.3132151,1.6492379,2.1590989,1.684154,0.8572005927562714,0.7466924786567688,0.8267093151807785
89,90,0.0343,1.2292233,1.551637,1.3132151,1.6443573,2.1721187,1.684154,0.8580445200204849,0.7436282336711884,0.8267093151807785
90,91,0.0343,1.2222127,1.5473001,1.3132151,1.6358229,2.1623714,1.684154,0.8595142364501953,0.7459239661693573,0.8267093151807785
91,92,0.0343,1.2148578,1.5463147,1.3132151,1.62774,2.1645305,1.684154,0.8608991205692291,0.7454163730144501,0.8267093151807785
92,93,0.0343,1.2121596,1.5530623,1.3132151,1.6234268,2.1816714,1.684154,0.8616353273391724,0.741368293762207,0.8267093151807785
93,94,0.0343,1.2017885,1.5358651,1.3107474,1.6138226,2.169185,1.6770545,0.8632676303386688,0.7443203032016754,0.8281672447919846
94,95,0.0343,1.1978384,1.5457704,1.3107474,1.606631,2.1745753,1.6770545,0.8644835203886032,0.7430480122566223,0.8281672447919846
95,96,0.0343,1.2000484,1.5670354,1.3107474,1.6025052,2.1828334,1.6770545,0.865178644657135,0.741092711687088,0.8281672447919846
96,97,0.0343,1.19403,1.5682521,1.3107474,1.5948467,2.1891632,1.6770545,0.8664642125368118,0.7395889461040497,0.8281672447919846
97,98,0.0343,1.1871791,1.5578809,1.3107474,1.5879587,2.1856365,1.6770545,0.8676151931285858,0.7404273152351379,0.8281672447919846
98,99,0.0343,1.1805534,1.5443225,1.3107474,1.5799512,2.1759644,1.6770545,0.8689469397068024,0.7427196204662323,0.8281672447919846
99,100,0.0343,1.1749924,1.5427111,1.3107474,1.5723578,2.1663017,1.6770545,0.8702036440372467,0.744999498128891,0.8281672447919846
100,101,0.024009999999999997,1.1703966,1.5458572,1.3107474,1.5676858,2.1720417,1.6770545,0.8709738105535507,0.7436464428901672,0.8281672447919846
101,102,0.024009999999999997,1.167773,1.5308822,1.2880648,1.5677398,2.1567836,1.6576612,0.870964914560318,0.7472354173660278,0.8321183770895004
102,103,0.024009999999999997,1.1616913,1.5420947,1.2880648,1.5589195,2.1736853,1.6576612,0.8724127858877182,0.7432582676410675,0.8321183770895004
103,104,0.024009999999999997,1.1616137,1.5451723,1.2880648,1.554945,2.1689436,1.6576612,0.8730625212192535,0.7443771660327911,0.8321183770895004
104,105,0.024009999999999997,1.1587636,1.5519478,1.2880648,1.549822,2.1772795,1.6576612,0.8738975822925568,0.7424085140228271,0.8321183770895004
105,106,0.024009999999999997,1.1522577,1.5392563,1.2880648,1.5443598,2.1676424,1.6576612,0.8747848719358444,0.7446838021278381,0.8321183770895004
106,107,0.024009999999999997,1.1484323,1.544858,1.2880648,1.5388812,2.1734157,1.6576612,0.8756717070937157,0.74332195520401,0.8321183770895004
107,108,0.024009999999999997,1.148002,1.5482329,1.2880648,1.5341783,2.167493,1.6576612,0.8764304593205452,0.7447189390659332,0.8321183770895004
108,109,0.016806999999999996,1.1453612,1.5462832,1.2880648,1.5302438,2.1670275,1.6576612,0.8770634457468987,0.7448286414146423,0.8321183770895004
109,110,0.016806999999999996,1.1417148,1.5458245,1.2880648,1.5268037,2.1742885,1.6576612,0.8776155635714531,0.7431157529354095,0.8321183770895004
110,111,0.016806999999999996,1.138896,1.5365154,1.2880648,1.5248786,2.1668766,1.6576612,0.8779239878058434,0.7448641657829285,0.8321183770895004
111,112,0.016806999999999996,1.1364422,1.5506889,1.2880648,1.5200869,2.178114,1.6576612,0.8786899968981743,0.7422110140323639,0.8321183770895004
112,113,0.016806999999999996,1.134948,1.5521572,1.2880648,1.5163538,2.172285,1.6576612,0.8792850822210312,0.743588924407959,0.8321183770895004
113,114,0.016806999999999996,1.1318877,1.5518469,1.2880648,1.5124406,2.1738517,1.6576612,0.8799073472619057,0.7432189285755157,0.8321183770895004
114,115,0.011764899999999997,1.1299989,1.5430188,1.2880648,1.510718,2.1654491,1.6576612,0.8801807463169098,0.7452002167701721,0.8321183770895004
115,116,0.011764899999999997,1.1283851,1.5484257,1.2880648,1.5078819,2.1763713,1.6576612,0.8806302025914192,0.7426233887672424,0.8321183770895004
116,117,0.011764899999999997,1.1255724,1.552628,1.2880648,1.5046965,2.1782837,1.6576612,0.8811340108513832,0.7421708703041077,0.8321183770895004
117,118,0.011764899999999997,1.124433,1.5485897,1.2880648,1.5022082,2.169945,1.6576612,0.8815268129110336,0.7441410720348358,0.8321183770895004
118,119,0.011764899999999997,1.1221135,1.5528827,1.2880648,1.4991095,2.176096,1.6576612,0.8820150792598724,0.7426885068416595,0.8321183770895004
119,120,0.011764899999999997,1.1196414,1.5442269,1.2880648,1.4969625,2.168095,1.6576612,0.8823527842760086,0.7445771396160126,0.8321183770895004
120,121,0.008235429999999997,1.117737,1.5445826,1.2880648,1.4952786,2.1696067,1.6576612,0.8826173096895218,0.7442208528518677,0.8321183770895004
121,122,0.008235429999999997,1.1165025,1.5503364,1.2880648,1.4929272,2.1759813,1.6576612,0.8829862177371979,0.7427156567573547,0.8321183770895004
122,123,0.008235429999999997,1.1163656,1.5456359,1.2880648,1.4930066,2.1667097,1.6576612,0.8829737678170204,0.7449035048484802,0.8321183770895004
123,124,0.008235429999999997,1.1141164,1.5540979,1.2880648,1.4888417,2.1743555,1.6576612,0.8836257681250572,0.7430999279022217,0.8321183770895004
124,125,0.008235429999999997,1.1128764,1.5543313,1.2880648,1.4868882,2.1744797,1.6576612,0.8839309513568878,0.7430706322193146,0.8321183770895004
125,126,0.008235429999999997,1.1111621,1.5503796,1.2880648,1.4849538,2.171708,1.6576612,0.8842327669262886,0.7437251806259155,0.8321183770895004
126,127,0.005764800999999997,1.1100509,1.5503172,1.2880648,1.4837612,2.1730475,1.6576612,0.8844186365604401,0.7434089183807373,0.8321183770895004
127,128,0.005764800999999997,1.1093086,1.5521486,1.2880648,1.4826413,2.1752574,1.6576612,0.8845930472016335,0.7428867518901825,0.8321183770895004
128,129,0.005764800999999997,1.1108036,1.5369749,1.2880648,1.484515,2.159867,1.6576612,0.8843011632561684,0.7465121746063232,0.8321183770895004
129,130,0.005764800999999997,1.1076416,1.5510033,1.2880648,1.4798639,2.1713777,1.6576612,0.8850250169634819,0.7438031136989594,0.8321183770895004
130,131,0.005764800999999997,1.1067736,1.5562687,1.2880648,1.4786423,2.1752667,1.6576612,0.8852147683501244,0.7428845465183258,0.8321183770895004
131,132,0.005764800999999997,1.105756,1.5558524,1.2880648,1.4773219,2.1746545,1.6576612,0.8854196816682816,0.7430292367935181,0.8321183770895004
132,133,0.004035360699999998,1.1049149,1.5541357,1.2880648,1.4764175,2.1733592,1.6576612,0.8855599239468575,0.7433353364467621,0.8321183770895004
133,134,0.004035360699999998,1.1035565,1.5515254,1.2880648,1.4751521,2.1707835,1.6576612,0.8857559934258461,0.7439433038234711,0.8321183770895004
134,135,0.004035360699999998,1.1036087,1.5601097,1.2880648,1.4753311,2.17776,1.6576612,0.885728269815445,0.7422948479652405,0.8321183770895004
135,136,0.004035360699999998,1.1023145,1.5539882,1.2880648,1.4732734,2.172019,1.6576612,0.8860468044877052,0.7436517477035522,0.8321183770895004
136,137,0.004035360699999998,1.1023335,1.5456581,1.2880648,1.4729829,2.1632714,1.6576612,0.8860917463898659,0.7457124292850494,0.8321183770895004
137,138,0.004035360699999998,1.1013875,1.5481305,1.2880648,1.4715248,2.1649823,1.6576612,0.8863171264529228,0.7453100681304932,0.8321183770895004
138,139,0.0028247524899999983,1.101146,1.5463359,1.2880648,1.4710237,2.1632934,1.6576612,0.8863945603370667,0.745707243680954,0.8321183770895004
139,140,0.0028247524899999983,1.1009022,1.5446494,1.2880648,1.4706075,2.1621535,1.6576612,0.8864588364958763,0.7459751963615417,0.8321183770895004
140,141,0.0028247524899999983,1.1005689,1.5488083,1.2880648,1.4688698,2.163312,1.6576612,0.8867269977927208,0.7457029223442078,0.8321183770895004
141,142,0.0028247524899999983,1.0994817,1.5544616,1.2880648,1.468637,2.1722672,1.6576612,0.886762909591198,0.7435931861400604,0.8321183770895004
142,143,0.0028247524899999983,1.0992761,1.5431877,1.2880648,1.4685677,2.162001,1.6576612,0.8867735788226128,0.7460110485553741,0.8321183770895004
143,144,0.0028247524899999983,1.0983199,1.5461105,1.2880648,1.4674555,2.1644294,1.6576612,0.8869450241327286,0.7454401254653931,0.8321183770895004
144,145,0.0019773267429999985,1.0998429,1.5579765,1.2880648,1.4682727,2.1775763,1.6576612,0.8868190795183182,0.7423382997512817,0.8321183770895004
145,146,0.0019773267429999985,1.0997052,1.5604588,1.2880648,1.4680558,2.1783292,1.6576612,0.8868525102734566,0.7421600818634033,0.8321183770895004
146,147,0.0019773267429999985,1.0976403,1.5519375,1.2880648,1.4660064,2.1676378,1.6576612,0.8871681988239288,0.7446848452091217,0.8321183770895004
147,148,0.0019773267429999985,1.0976264,1.5493824,1.2880648,1.466718,2.1667814,1.6576612,0.8870586380362511,0.744886577129364,0.8321183770895004
148,149,0.0019773267429999985,1.09641,1.552668,1.2880648,1.464613,2.1687374,1.6576612,0.8873825967311859,0.7444258034229279,0.8321183770895004
149,150,0.0019773267429999985,1.0961406,1.5537553,1.2880648,1.464147,2.1694832,1.6576612,0.8874542340636253,0.7442499995231628,0.8321183770895004
150,151,0.0013841287200999988,1.0968708,1.5415945,1.2880648,1.4652195,2.1586895,1.6576612,0.8872892931103706,0.746788501739502,0.8321183770895004
151,152,0.0013841287200999988,1.0957094,1.5482693,1.2880648,1.4636409,2.1641877,1.6576612,0.8875320255756378,0.7454969882965088,0.8321183770895004
152,153,0.0013841287200999988,1.0959651,1.5430067,1.2880648,1.4642129,2.1601417,1.6576612,0.8874441012740135,0.7464476823806763,0.8321183770895004
153,154,0.0013841287200999988,1.0950942,1.5535096,1.2880648,1.4629005,2.1701784,1.6576612,0.8876457884907722,0.7440860271453857,0.8321183770895004
154,155,0.0013841287200999988,1.0946238,1.54595,1.2880648,1.4627639,2.1631658,1.6576612,0.8876667693257332,0.7457372844219208,0.8321183770895004
155,156,0.0013841287200999988,1.0944042,1.553324,1.2880648,1.462161,2.1699739,1.6576612,0.8877593502402306,0.7441343069076538,0.8321183770895004
156,157,0.001,1.0940946,1.550602,1.2880648,1.4620218,2.167567,1.6576612,0.8877807259559631,0.7447015643119812,0.8321183770895004
157,158,0.001,1.0941164,1.5501347,1.2880648,1.4615467,2.1666048,1.6576612,0.8878536447882652,0.7449281513690948,0.8321183770895004
158,159,0.001,1.0939013,1.5526093,1.2880648,1.4612136,2.168145,1.6576612,0.8879047557711601,0.7445654273033142,0.8321183770895004
159,160,0.001,1.0945461,1.5463153,1.2880648,1.4617932,2.1617036,1.6576612,0.887815810739994,0.7460809051990509,0.8321183770895004
160,161,0.001,1.0955076,1.54514,1.2880648,1.4620355,2.1620524,1.6576612,0.8877786099910736,0.7459989488124847,0.8321183770895004
161,162,0.001,1.0941792,1.5548435,1.2880648,1.4606931,2.168826,1.6576612,0.8879845887422562,0.7444048821926117,0.8321183770895004
162,163,0.001,1.0950387,1.5658511,1.2880648,1.4620622,2.1788383,1.6576612,0.8877745047211647,0.7420395612716675,0.8321183770895004
163,164,0.001,1.0938108,1.5435699,1.2880648,1.4603525,2.15797,1.6576612,0.8880368247628212,0.7469572424888611,0.8321183770895004
164,165,0.001,1.0963093,1.5511217,1.2880648,1.4641238,2.1649594,1.6576612,0.8874577954411507,0.745315432548523,0.8321183770895004
165,166,0.001,1.0928869,1.5507891,1.2880648,1.4593232,2.164895,1.6576612,0.8881945982575417,0.7453305721282959,0.8321183770895004
166,167,0.001,1.092631,1.552287,1.2880648,1.4590772,2.1664958,1.6576612,0.8882322981953621,0.7449538111686707,0.8321183770895004
167,168,0.001,1.0943058,1.5368215,1.2880648,1.4616632,2.1545763,1.6576612,0.8878357633948326,0.7477524876594543,0.8321183770895004
168,169,0.001,1.0928619,1.5437298,1.2880648,1.4594417,2.1591794,1.6576612,0.8881764560937881,0.7466735541820526,0.8321183770895004
169,170,0.001,1.0923721,1.5477973,1.2880648,1.4586477,2.1622334,1.6576612,0.8882980868220329,0.7459564507007599,0.8321183770895004
170,171,0.001,1.092223,1.5467734,1.2880648,1.4585919,2.161646,1.6576612,0.8883066326379776,0.7460944056510925,0.8321183770895004
171,172,0.001,1.0922171,1.5582103,1.2880648,1.4583509,2.1723597,1.6576612,0.8883435279130936,0.7435713410377502,0.8321183770895004
172,173,0.001,1.0917873,1.5538745,1.2880648,1.4576827,2.167965,1.6576612,0.8884458318352699,0.7446078062057495,0.8321183770895004
173,174,0.001,1.0932348,1.549884,1.2880648,1.4581916,2.1577497,1.6576612,0.8883679211139679,0.7470089197158813,0.8321183770895004
174,175,0.001,1.0916727,1.5462433,1.2880648,1.45753,2.1605623,1.6576612,0.8884692043066025,0.7463489472866058,0.8321183770895004
175,176,0.001,1.0919306,1.5441394,1.2880648,1.4578123,2.1587746,1.6576612,0.8884259983897209,0.7467685043811798,0.8321183770895004
176,177,0.001,1.0923978,1.5564301,1.2880648,1.4576281,2.17199,1.6576612,0.8884541839361191,0.7436586618423462,0.8321183770895004
177,178,0.001,1.0906802,1.5519875,1.2880648,1.4563102,2.1658049,1.6576612,0.8886558189988136,0.7451164722442627,0.8321183770895004
178,179,0.001,1.0906836,1.5459859,1.2880648,1.4564152,2.1603832,1.6576612,0.8886397555470467,0.7463909983634949,0.8321183770895004
179,180,0.001,1.0908793,1.5560938,1.2880648,1.4562459,2.170206,1.6576612,0.8886656537652016,0.7440795302391052,0.8321183770895004
180,181,0.001,1.0908885,1.5444946,1.2880648,1.4563159,2.158636,1.6576612,0.8886549323797226,0.7468010187149048,0.8321183770895004
181,182,0.001,1.0902123,1.5535287,1.2880648,1.4554722,2.1680493,1.6576612,0.8887839093804359,0.7445878982543945,0.8321183770895004
182,183,0.001,1.0898676,1.55045,1.2880648,1.4551194,2.1646347,1.6576612,0.8888378143310547,0.7453918159008026,0.8321183770895004
183,184,0.001,1.0900621,1.5488907,1.2880648,1.454458,2.1598423,1.6576612,0.8889388591051102,0.7465179860591888,0.8321183770895004
184,185,0.001,1.0892942,1.5516895,1.2880648,1.4545274,2.16561,1.6576612,0.8889282569289207,0.745162308216095,0.8321183770895004
185,186,0.001,1.0899444,1.542233,1.2880648,1.4553,2.157261,1.6576612,0.8888102322816849,0.7471235394477844,0.8321183770895004
186,187,0.001,1.0891385,1.5491003,1.2880648,1.4540259,2.163497,1.6576612,0.8890048488974571,0.7456594109535217,0.8321183770895004
187,188,0.001,1.0897498,1.5412327,1.2880648,1.4549582,2.1563215,1.6576612,0.8888624534010887,0.7473436892032623,0.8321183770895004
188,189,0.001,1.0898045,1.5403992,1.2880648,1.4550923,2.1558912,1.6576612,0.8888419643044472,0.7474445402622223,0.8321183770895004
189,190,0.001,1.0885713,1.5478534,1.2880648,1.4533558,2.1618824,1.6576612,0.8891071155667305,0.7460389137268066,0.8321183770895004
190,191,0.001,1.0884875,1.5543575,1.2880648,1.4531877,2.1686373,1.6576612,0.8891327604651451,0.7444493770599365,0.8321183770895004
191,192,0.001,1.0886984,1.5415674,1.2880648,1.4537325,2.1570897,1.6576612,0.8890496268868446,0.7471636533737183,0.8321183770895004
192,193,0.001,1.0877435,1.5511607,1.2880648,1.4524231,2.1656613,1.6576612,0.8892494067549706,0.745150238275528,0.8321183770895004
193,194,0.001,1.0880255,1.5429235,1.2880648,1.4529014,2.158172,1.6576612,0.8891764506697655,0.7469099164009094,0.8321183770895004
194,195,0.001,1.0873227,1.5501297,1.2880648,1.4519434,2.1644063,1.6576612,0.88932254165411,0.7454455494880676,0.8321183770895004
195,196,0.001,1.0879323,1.5567099,1.2880648,1.4523976,2.1713047,1.6576612,0.8892532885074615,0.7438203692436218,0.8321183770895004
196,197,0.001,1.0875956,1.5420868,1.2880648,1.4524413,2.1576514,1.6576612,0.8892466053366661,0.7470319271087646,0.8321183770895004
197,198,0.001,1.0872204,1.5430195,1.2880648,1.4519917,2.158431,1.6576612,0.8893151879310608,0.7468490898609161,0.8321183770895004
198,199,0.001,1.0868772,1.5534294,1.2880648,1.4510232,2.167473,1.6576612,0.8894627913832664,0.7447236776351929,0.8321183770895004
199,200,0.001,1.0868207,1.5445956,1.2880648,1.45121,2.1591818,1.6576612,0.8894343301653862,0.7466729581356049,0.8321183770895004
200,201,0.001,1.0866141,1.5461588,1.2880648,1.4507638,2.159725,1.6576612,0.8895022943615913,0.7465455234050751,0.8321183770895004
201,202,0.001,1.0863105,1.5459313,1.2880648,1.450413,2.1595807,1.6576612,0.8895557373762131,0.7465793192386627,0.8321183770895004
202,203,0.001,1.0860778,1.5460037,1.2880648,1.4499475,2.159473,1.6576612,0.889626607298851,0.7466046512126923,0.8321183770895004
203,204,0.001,1.0870957,1.5584166,1.2880648,1.4505488,2.171706,1.6576612,0.889535054564476,0.7437256574630737,0.8321183770895004
204,205,0.001,1.0857668,1.5452584,1.2880648,1.4495493,2.1589117,1.6576612,0.8896872326731682,0.7467363476753235,0.8321183770895004
205,206,0.001,1.0860912,1.5486629,1.2880648,1.4487371,2.1571426,1.6576612,0.8898108080029488,0.747151255607605,0.8321183770895004
206,207,0.001,1.0860162,1.5418667,1.2880648,1.4498636,2.1563594,1.6576612,0.8896394073963165,0.7473348379135132,0.8321183770895004
207,208,0.001,1.0872039,1.5354058,1.2880648,1.4503682,2.152589,1.6576612,0.8895625621080399,0.7482176125049591,0.8321183770895004
208,209,0.001,1.0848521,1.5553511,1.2880648,1.4482955,2.1681645,1.6576612,0.8898779898881912,0.7445607781410217,0.8321183770895004
209,210,0.001,1.0852119,1.5577216,1.2880648,1.448496,2.1711621,1.6576612,0.8898474872112274,0.7438539862632751,0.8321183770895004
210,211,0.001,1.0840868,1.5511435,1.2880648,1.4474291,2.1651957,1.6576612,0.8900097087025642,0.7452598810195923,0.8321183770895004
211,212,0.001,1.0841062,1.5457964,1.2880648,1.4475735,2.159631,1.6576612,0.8899877369403839,0.7465675473213196,0.8321183770895004
212,213,0.001,1.0841489,1.5443503,1.2880648,1.4475207,2.1583302,1.6576612,0.8899957686662674,0.7468727827072144,0.8321183770895004
213,214,0.001,1.0835191,1.5508096,1.2880648,1.4465888,2.1645637,1.6576612,0.8901373893022537,0.7454085648059845,0.8321183770895004
214,215,0.001,1.0837356,1.5546271,1.2880648,1.4466096,2.1678662,1.6576612,0.8901342004537582,0.7446310520172119,0.8321183770895004
215,216,0.001,1.0832518,1.5528269,1.2880648,1.4461373,2.1657238,1.6576612,0.8902059346437454,0.7451355755329132,0.8321183770895004
216,217,0.001,1.0831854,1.5461259,1.2880648,1.446182,2.1593423,1.6576612,0.8901991471648216,0.7466353476047516,0.8321183770895004
217,218,0.001,1.0838627,1.541302,1.2880648,1.4469376,2.1555192,1.6576612,0.8900843858718872,0.7475316822528839,0.8321183770895004
218,219,0.001,1.0836694,1.5620576,1.2880648,1.4466214,2.1736457,1.6576612,0.890132412314415,0.7432676255702972,0.8321183770895004
219,220,0.001,1.0829864,1.5447375,1.2880648,1.4459211,2.1581082,1.6576612,0.8902387768030167,0.746924877166748,0.8321183770895004
220,221,0.001,1.082453,1.5550429,1.2880648,1.444947,2.1677558,1.6576612,0.8903866037726402,0.7446570694446564,0.8321183770895004
221,222,0.001,1.0821041,1.545772,1.2880648,1.4448677,2.1590195,1.6576612,0.8903986215591431,0.7467110455036163,0.8321183770895004
222,223,0.001,1.0821044,1.5553328,1.2880648,1.4444793,2.1683564,1.6576612,0.8904575556516647,0.7445155680179596,0.8321183770895004
223,224,0.001,1.0814984,1.5448073,1.2880648,1.4441359,2.1587281,1.6576612,0.890509620308876,0.7467794120311737,0.8321183770895004
224,225,0.001,1.0827498,1.5422747,1.2880648,1.4447758,2.1580665,1.6576612,0.8904125764966011,0.7469346225261688,0.8321183770895004
225,226,0.001,1.0815111,1.5447978,1.2880648,1.4439772,2.1585698,1.6576612,0.8905337005853653,0.7468165457248688,0.8321183770895004
226,227,0.001,1.0815934,1.5435437,1.2880648,1.444013,2.1577017,1.6576612,0.8905282616615295,0.7470201849937439,0.8321183770895004
227,228,0.001,1.0828779,1.5531472,1.2880648,1.4445132,2.168442,1.6576612,0.8904524147510529,0.7444954216480255,0.8321183770895004
228,229,0.001,1.0811704,1.5483754,1.2880648,1.4432253,2.1613557,1.6576612,0.8906476646661758,0.7461625933647156,0.8321183770895004
229,230,0.001,1.0804961,1.5521978,1.2880648,1.4424882,2.1653156,1.6576612,0.8907593414187431,0.7452316284179688,0.8321183770895004
230,231,0.001,1.0812048,1.5628422,1.2880648,1.4434673,2.1754103,1.6576612,0.8906109780073166,0.7428506314754486,0.8321183770895004
231,232,0.001,1.0800359,1.5459167,1.2880648,1.4418724,2.1591802,1.6576612,0.8908525928854942,0.7466733455657959,0.8321183770895004
232,233,0.001,1.0797639,1.5519847,1.2880648,1.4413323,2.1645725,1.6576612,0.8909343406558037,0.745406448841095,0.8321183770895004
233,234,0.001,1.0795159,1.5514294,1.2880648,1.4409806,2.1642616,1.6576612,0.8909875601530075,0.7454796433448792,0.8321183770895004
234,235,0.001,1.079251,1.5501624,1.2880648,1.440674,2.1628947,1.6576612,0.891033947467804,0.7458010017871857,0.8321183770895004
235,236,0.001,1.0792583,1.543278,1.2880648,1.4409081,2.1567864,1.6576612,0.8909985423088074,0.7472347021102905,0.8321183770895004
236,237,0.001,1.0806962,1.5579257,1.2880648,1.4419293,2.172155,1.6576612,0.890843965113163,0.7436196506023407,0.8321183770895004
237,238,0.001,1.079404,1.5393627,1.2880648,1.4409533,2.153391,1.6576612,0.8909917026758194,0.7480300068855286,0.8321183770895004
238,239,0.001,1.078734,1.5424244,1.2880648,1.4401743,2.155908,1.6576612,0.8911095187067986,0.7474405765533447,0.8321183770895004
239,240,0.001,1.0780135,1.5503029,1.2880648,1.439194,2.1631608,1.6576612,0.8912577107548714,0.7457384467124939,0.8321183770895004
240,241,0.001,1.0775799,1.5464673,1.2880648,1.4388373,2.160659,1.6576612,0.8913116157054901,0.746326208114624,0.8321183770895004
241,242,0.001,1.0785717,1.5401303,1.2880648,1.4399073,2.154116,1.6576612,0.8911498934030533,0.7478603422641754,0.8321183770895004
242,243,0.001,1.0774782,1.5450283,1.2880648,1.4385782,2.1581063,1.6576612,0.8913507461547852,0.7469252943992615,0.8321183770895004
243,244,0.001,1.0780462,1.5492654,1.2880648,1.4391199,2.1618795,1.6576612,0.8912689089775085,0.7460395395755768,0.8321183770895004
244,245,0.001,1.0775932,1.5415803,1.2880648,1.4386365,2.1549945,1.6576612,0.891341932117939,0.7476545870304108,0.8321183770895004
245,246,0.001,1.07904,1.5351446,1.2880648,1.4408015,2.1497695,1.6576612,0.8910146504640579,0.7488767802715302,0.8321183770895004
246,247,0.001,1.0766633,1.5514412,1.2880648,1.4371728,2.1635385,1.6576612,0.891562931239605,0.7456496357917786,0.8321183770895004
247,248,0.001,1.0774534,1.5567809,1.2880648,1.4378716,2.16941,1.6576612,0.8914574533700943,0.7442672252655029,0.8321183770895004
248,249,0.001,1.0771347,1.5559599,1.2880648,1.437499,2.1692336,1.6576612,0.8915136829018593,0.7443088591098785,0.8321183770895004
249,250,0.001,1.0763932,1.5546677,1.2880648,1.4367434,2.167216,1.6576612,0.8916277140378952,0.7447842657566071,0.8321183770895004
250,251,0.001,1.075721,1.5494592,1.2880648,1.4359912,2.1621728,1.6576612,0.8917411789298058,0.7459706664085388,0.8321183770895004
251,252,0.001,1.0769581,1.5385305,1.2880648,1.4379436,2.1524808,1.6576612,0.891446590423584,0.7482429146766663,0.8321183770895004
252,253,0.001,1.0750866,1.5497175,1.2880648,1.4353,2.16247,1.6576612,0.8918453603982925,0.7459007799625397,0.8321183770895004
253,254,0.001,1.0753891,1.5429944,1.2880648,1.4356036,2.1559494,1.6576612,0.891799584031105,0.7474308609962463,0.8321183770895004
254,255,0.001,1.0752697,1.5551547,1.2880648,1.4352626,2.1679294,1.6576612,0.891851007938385,0.7446161508560181,0.8321183770895004
255,256,0.001,1.0744096,1.5508951,1.2880648,1.4345593,2.1637607,1.6576612,0.8919569551944733,0.7455974221229553,0.8321183770895004
256,257,0.001,1.0758713,1.5378473,1.2880648,1.4364679,2.1516187,1.6576612,0.8916692808270454,0.7484445869922638,0.8321183770895004
257,258,0.001,1.0751226,1.5403266,1.2880648,1.4354862,2.1540372,1.6576612,0.8918173015117645,0.7478787004947662,0.8321183770895004
258,259,0.001,1.0752866,1.5401254,1.2880648,1.4352623,2.1532204,1.6576612,0.8918510526418686,0.7480699121952057,0.8321183770895004
259,260,0.001,1.0763774,1.533273,1.2880648,1.4370866,2.1473947,1.6576612,0.8915759474039078,0.749431312084198,0.8321183770895004
260,261,0.001,1.0742631,1.5470877,1.2880648,1.4329544,2.1571133,1.6576612,0.8921985626220703,0.7471581101417542,0.8321183770895004
261,262,0.001,1.0736152,1.5552716,1.2880648,1.4330553,2.167782,1.6576612,0.8921833783388138,0.7446509003639221,0.8321183770895004
262,263,0.001,1.0733339,1.5430838,1.2880648,1.432937,2.1561184,1.6576612,0.8922011852264404,0.7473913133144379,0.8321183770895004
263,264,0.001,1.0739198,1.5474929,1.2880648,1.4336263,2.160801,1.6576612,0.8920974358916283,0.7462928891181946,0.8321183770895004
264,265,0.001,1.0735322,1.5484451,1.2880648,1.4319782,2.159968,1.6576612,0.8923453912138939,0.746488481760025,0.8321183770895004
265,266,0.001,1.0723103,1.551908,1.2880648,1.4315134,2.164697,1.6576612,0.8924152702093124,0.7453771829605103,0.8321183770895004
266,267,0.001,1.0724214,1.5489304,1.2880648,1.4312494,2.1616125,1.6576612,0.8924549594521523,0.7461023032665253,0.8321183770895004
267,268,0.001,1.0721029,1.5528171,1.2880648,1.4309552,2.1648743,1.6576612,0.8924991637468338,0.7453354895114899,0.8321183770895004
268,269,0.001,1.0743313,1.5344691,1.2880648,1.4343745,2.1481907,1.6576612,0.8919848054647446,0.7492454648017883,0.8321183770895004
269,270,0.001,1.0715697,1.5527724,1.2880648,1.4304198,2.164887,1.6576612,0.892579585313797,0.7453324794769287,0.8321183770895004
270,271,0.001,1.0723304,1.55655,1.2880648,1.4308774,2.1697288,1.6576612,0.8925108388066292,0.7441920638084412,0.8321183770895004
271,272,0.001,1.0710405,1.5517086,1.2880648,1.4297152,2.1641512,1.6576612,0.8926853910088539,0.7455055713653564,0.8321183770895004
272,273,0.001,1.0707282,1.5519674,1.2880648,1.4293784,2.1644058,1.6576612,0.8927359506487846,0.7454456984996796,0.8321183770895004
273,274,0.001,1.0715872,1.5584298,1.2880648,1.4301294,2.171255,1.6576612,0.892623208463192,0.7438320219516754,0.8321183770895004
274,275,0.001,1.0703692,1.552433,1.2880648,1.4288183,2.1646316,1.6576612,0.8928199857473373,0.7453925311565399,0.8321183770895004
275,276,0.001,1.0715489,1.5559348,1.2880648,1.429693,2.1686437,1.6576612,0.8926887139678001,0.7444478571414948,0.8321183770895004
276,277,0.001,1.0697725,1.5451144,1.2880648,1.4282997,2.1573534,1.6576612,0.8928977772593498,0.7471018433570862,0.8321183770895004
277,278,0.001,1.0694304,1.5440351,1.2880648,1.4279747,2.1567914,1.6576612,0.8929465115070343,0.7472335398197174,0.8321183770895004
278,279,0.001,1.0691091,1.5504674,1.2880648,1.4273909,2.1628242,1.6576612,0.8930340185761452,0.7458175420761108,0.8321183770895004
279,280,0.001,1.0699455,1.5462744,1.2880648,1.4270979,2.1538763,1.6576612,0.893077939748764,0.7479163706302643,0.8321183770895004
280,281,0.001,1.0688145,1.545666,1.2880648,1.4271456,2.1580963,1.6576612,0.8930707946419716,0.7469275891780853,0.8321183770895004
281,282,0.001,1.0687623,1.5532646,1.2880648,1.4267642,2.165698,1.6576612,0.8931279256939888,0.7451416552066803,0.8321183770895004
282,283,0.001,1.0705978,1.5364428,1.2880648,1.4294517,2.149847,1.6576612,0.8927249312400818,0.7488586604595184,0.8321183770895004
283,284,0.001,1.0690758,1.5454884,1.2880648,1.4266368,2.1589768,1.6576612,0.8931470140814781,0.7467210590839386,0.8321183770895004
284,285,0.001,1.068041,1.5465369,1.2880648,1.4260662,2.1595876,1.6576612,0.8932324796915054,0.7465777695178986,0.8321183770895004
285,286,0.001,1.0688121,1.5399436,1.2880648,1.427045,2.1527903,1.6576612,0.8930858746170998,0.7481705546379089,0.8321183770895004
286,287,0.001,1.0676838,1.5453817,1.2880648,1.4253539,2.1571832,1.6576612,0.893339104950428,0.7471417486667633,0.8321183770895004
287,288,0.001,1.0676796,1.5394047,1.2880648,1.4255376,2.1522305,1.6576612,0.8933116123080254,0.7483014464378357,0.8321183770895004
288,289,0.001,1.0670645,1.5453998,1.2880648,1.4246982,2.157284,1.6576612,0.8934372141957283,0.7471181154251099,0.8321183770895004
289,290,0.001,1.0666579,1.5521148,1.2880648,1.4240892,2.1641304,1.6576612,0.8935282975435257,0.745510458946228,0.8321183770895004
290,291,0.001,1.0674107,1.5390502,1.2880648,1.4257421,2.1523654,1.6576612,0.8932809978723526,0.7482699155807495,0.8321183770895004
291,292,0.001,1.0663824,1.5526619,1.2880648,1.4237478,2.1656547,1.6576612,0.8935793414711952,0.7451518476009369,0.8321183770895004
292,293,0.001,1.065915,1.5517099,1.2880648,1.4231583,2.1634843,1.6576612,0.8936674520373344,0.7456623613834381,0.8321183770895004
293,294,0.001,1.0655491,1.549494,1.2880648,1.4226608,2.161174,1.6576612,0.8937417790293694,0.7462053000926971,0.8321183770895004
294,295,0.001,1.066149,1.5418179,1.2880648,1.4234898,2.1537604,1.6576612,0.8936179056763649,0.7479435205459595,0.8321183770895004
295,296,0.001,1.0658269,1.5477247,1.2880648,1.4217327,2.1552916,1.6576612,0.8938803821802139,0.7475850284099579,0.8321183770895004
296,297,0.001,1.0654383,1.5447594,1.2880648,1.4221388,2.1552606,1.6576612,0.8938197419047356,0.7475922405719757,0.8321183770895004
297,298,0.001,1.0656477,1.5556114,1.2880648,1.4218546,2.1655195,1.6576612,0.893862172961235,0.745183676481247,0.8321183770895004
298,299,0.001,1.066309,1.5342231,1.2880648,1.4230626,2.1445594,1.6576612,0.8936817571520805,0.7500925213098526,0.8321183770895004
299,300,0.001,1.0657816,1.5535914,1.2880648,1.4216897,2.163914,1.6576612,0.8938868045806885,0.7455613613128662,0.8321183770895004
